Code établissement;Appellation officielle;Dénomination principale;Patronyme uai;Secteur Public/Privé;Adresse;Lieu dit;Boite postale;Code postal;Localite d'acheminement;Commune;Coordonnee X;Coordonnee Y;EPSG;Latitude;Longitude;Qualité d'appariement;Localisation;Code nature;Nature;Code état établissement;Etat établissement;Code département;Code région;Code académie;Code commune;Département;Région;Académie;Position;secteur_prive_code_type_contrat;secteur_prive_libelle_type_contrat;code_ministere;libelle_ministere;date_ouverture
0441490F;Ecole primaire privée Notre-Dame de Bon Port;ECOLE PRIMAIRE PRIVEE;N-D.DE BON PORT;Privé;2 A rue Dobrée;;;44100;NANTES;Nantes;354440.2;6689020.8;EPSG:2154;47.211496743457815;-1.5680701705289424;Parfaite;Numéro de rue;151;ECOLE DE NIVEAU ELEMENTAIRE;1;OUVERT;44;52;17;44109;Loire-Atlantique;Pays de la Loire;Nantes;47.2114967435,-1.56807017053;30;CONTRAT D'ASSOCIATION TOUTES CLASSES;06;MINISTERE DE L'EDUCATION NATIONALE;1971-03-22
0442037A;Ecole maternelle Pauline Kergomard;ECOLE MATERNELLE PUBLIQUE;PAULINE KERGOMARD;Public;4 rue Pierre Etienne Flandin;;;44200;NANTES;Nantes;356583.7;6687957.1;EPSG:2154;47.20304866009342;-1.5389897127968293;Parfaite;Numéro de rue;101;ECOLE MATERNELLE;1;OUVERT;44;52;17;44109;Loire-Atlantique;Pays de la Loire;Nantes;47.2030486601,-1.5389897128;99;SANS OBJET;06;MINISTERE DE L'EDUCATION NATIONALE;1985-09-01
0442074R;Ecole élémentaire Anatole de Monzie;ECOLE ELEMENTAIRE PUBLIQUE;ANATOLE DE MONZIE;Public;Rue Léon Buerne;;;44200;NANTES;Nantes;356371.9;6687953.9;EPSG:2154;47.2029103183295;-1.5417805099112682;Parfaite;Numéro de rue;151;ECOLE DE NIVEAU ELEMENTAIRE;1;OUVERT;44;52;17;44109;Loire-Atlantique;Pays de la Loire;Nantes;47.2029103183,-1.54178050991;99;SANS OBJET;06;MINISTERE DE L'EDUCATION NATIONALE;1987-09-01
0440612B;Ecole élémentaire Agenêts;ECOLE ELEMENTAIRE PUBLIQUE;AGENETS;Public;31 rue des Agenets;;;44000;NANTES;Nantes;357386.5;6690646.9;EPSG:2154;47.227639041972594;-1.530439778951194;Parfaite;Numéro de rue;151;ECOLE DE NIVEAU ELEMENTAIRE;1;OUVERT;44;52;17;44109;Loire-Atlantique;Pays de la Loire;Nantes;47.227639042,-1.53043977895;99;SANS OBJET;06;MINISTERE DE L'EDUCATION NATIONALE;1970-01-07
0440620K;Ecole élémentaire Jacques Prévert;ECOLE ELEMENTAIRE PUBLIQUE;JACQUES PREVERT;Public;34 rue du Breil;;;44100;NANTES;Nantes;353372.9;6691098.8;EPSG:2154;47.2296164118259;-1.5837403699098072;Parfaite;Numéro de rue;151;ECOLE DE NIVEAU ELEMENTAIRE;1;OUVERT;44;52;17;44109;Loire-Atlantique;Pays de la Loire;Nantes;47.2296164118,-1.58374036991;99;SANS OBJET;06;MINISTERE DE L'EDUCATION NATIONALE;1970-01-07
0440627T;Ecole élémentaire Chêne d'Aron;ECOLE ELEMENTAIRE PUBLIQUE;CHENE D ARON;Public;3 rue de l'Heronnière;;;44000;NANTES;Nantes;354985.8;6689068.1;EPSG:2154;47.21220563790411;-1.560909821931182;Parfaite;Numéro de rue;151;ECOLE DE NIVEAU ELEMENTAIRE;1;OUVERT;44;52;17;44109;Loire-Atlantique;Pays de la Loire;Nantes;47.2122056379,-1.56090982193;99;SANS OBJET;06;MINISTERE DE L'EDUCATION NATIONALE;1970-01-22
0440633Z;Ecole élémentaire Les Châtaigniers;ECOLE ELEMENTAIRE PUBLIQUE;CHATAIGNIERS;Public;164 rue du Corps de Garde;;;44100;NANTES;Nantes;351925.0;6690092.8;EPSG:2154;47.21981728091829;-1.6020694630595043;Parfaite;Numéro de rue;151;ECOLE DE NIVEAU ELEMENTAIRE;1;OUVERT;44;52;17;44109;Loire-Atlantique;Pays de la Loire;Nantes;47.2198172809,-1.60206946306;99;SANS OBJET;06;MINISTERE DE L'EDUCATION NATIONALE;1970-01-07
0440640G;Ecole élémentaire Fellonneau;ECOLE ELEMENTAIRE PUBLIQUE;FELLONNEAU;Public;15 rue Fellonneau;;;44000;NANTES;Nantes;355586.9;6691192.7;EPSG:2154;47.2316130614791;-1.5545994399752192;Parfaite;Numéro de rue;151;ECOLE DE NIVEAU ELEMENTAIRE;1;OUVERT;44;52;17;44109;Loire-Atlantique;Pays de la Loire;Nantes;47.2316130615,-1.55459943998;99;SANS OBJET;06;MINISTERE DE L'EDUCATION NATIONALE;1970-01-07
0440678Y;Ecole élémentaire Gustave Roch;ECOLE ELEMENTAIRE PUBLIQUE;GUSTAVE ROCH;Public;24 boulevard Gustave Roch;;;44200;NANTES;Nantes;355750.9;6688177.6;EPSG:2154;47.2045992100751;-1.55014040009921;Parfaite;Numéro de rue;151;ECOLE DE NIVEAU ELEMENTAIRE;1;OUVERT;44;52;17;44109;Loire-Atlantique;Pays de la Loire;Nantes;47.2045992101,-1.5501404001;99;SANS OBJET;06;MINISTERE DE L'EDUCATION NATIONALE;1970-01-08
0440688J;Ecole élémentaire Jean Zay;ECOLE ELEMENTAIRE PUBLIQUE;JEAN ZAY;Public;15 bis rue Yves Kartel;;;44100;NANTES;Nantes;351408.9;6688940.4;EPSG:2154;47.20918938484029;-1.6079894606138896;Parfaite;Numéro de rue;151;ECOLE DE NIVEAU ELEMENTAIRE;1;OUVERT;44;52;17;44109;Loire-Atlantique;Pays de la Loire;Nantes;47.2091893848,-1.60798946061;99;SANS OBJET;06;MINISTERE DE L'EDUCATION NATIONALE;1970-01-08
0441034K;Ecole élémentaire La Contrie;ECOLE ELEMENTAIRE PUBLIQUE;CONTRIE;Public;19 rue de la Petite Reine;;;44100;NANTES;Nantes;352065.2;6689624.5;EPSG:2154;47.21568197619949;-1.5998597249344466;Parfaite;Numéro de rue;151;ECOLE DE NIVEAU ELEMENTAIRE;1;OUVERT;44;52;17;44109;Loire-Atlantique;Pays de la Loire;Nantes;47.2156819762,-1.59985972493;99;SANS OBJET;06;MINISTERE DE L'EDUCATION NATIONALE;1970-09-17
0441484Z;Ecole primaire privée Notre-Dame des Batignolles;ECOLE PRIMAIRE PRIVEE;N-D.DES BATIGNOLLES;Privé;184 boulevard Jules Verne;;;44300;NANTES;Nantes;358035.5;6692673.7;EPSG:2154;47.24619036951912;-1.5234103272462436;Parfaite;Numéro de rue;151;ECOLE DE NIVEAU ELEMENTAIRE;1;OUVERT;44;52;17;44109;Loire-Atlantique;Pays de la Loire;Nantes;47.2461903695,-1.52341032725;30;CONTRAT D'ASSOCIATION TOUTES CLASSES;06;MINISTERE DE L'EDUCATION NATIONALE;1971-03-22
0441600A;Ecole maternelle Stalingrad;ECOLE MATERNELLE PUBLIQUE;STALINGRAD;Public;6 allée du Bourg Fumé;;;44000;NANTES;Nantes;356812.8;6689792.3;EPSG:2154;47.219661641625166;-1.5373606010851688;Parfaite;Numéro de rue;101;ECOLE MATERNELLE;1;OUVERT;44;52;17;44109;Loire-Atlantique;Pays de la Loire;Nantes;47.2196616416,-1.53736060109;99;SANS OBJET;06;MINISTERE DE L'EDUCATION NATIONALE;1972-09-29
0442730D;Ecole primaire Aimé Césaire;ECOLE PRIMAIRE PUBLIQUE;AIME CESAIRE;Public;9 esplanade Edouard Glissant;;;44200;NANTES;Nantes;354556.4;6688263.9;EPSG:2154;47.20475444359435;-1.5659595768087584;Parfaite;Numéro de rue;151;ECOLE DE NIVEAU ELEMENTAIRE;1;OUVERT;44;52;17;44109;Loire-Atlantique;Pays de la Loire;Nantes;47.2047544436,-1.56595957681;99;SANS OBJET;06;MINISTERE DE L'EDUCATION NATIONALE;2012-09-01
0440309X;Collège Rosa Parks;COLLEGE;ROSA PARKS;Public;91 boulevard Pierre de Coubertin;;;44100;NANTES;Nantes;352779.2;6691276.6;EPSG:2154;47.23090401945198;-1.5917102604048903;Parfaite;Numéro de rue;340;COLLEGE;1;OUVERT;44;52;17;44109;Loire-Atlantique;Pays de la Loire;Nantes;47.2309040195,-1.5917102604;99;SANS OBJET;06;MINISTERE DE L'EDUCATION NATIONALE;1971-02-15
0441608J;Collège La Durantière;COLLEGE;LA DURANTIERE;Public;17 rue Baptiste Marcet;;;44100;NANTES;Nantes;351747.9;6689552.2;EPSG:2154;47.21486580010774;-1.6039894137236577;Parfaite;Numéro de rue;340;COLLEGE;1;OUVERT;44;52;17;44109;Loire-Atlantique;Pays de la Loire;Nantes;47.2148658001,-1.60398941372;99;SANS OBJET;06;MINISTERE DE L'EDUCATION NATIONALE;1973-03-26
0440658B;Ecole élémentaire Les Marsauderies;ECOLE ELEMENTAIRE PUBLIQUE;MARSAUDERIES;Public;1 rue de la Bertiniere;;;44300;NANTES;Nantes;357533.6;6692324.7;EPSG:2154;47.24279474344717;-1.5297702346217672;Parfaite;Numéro de rue;151;ECOLE DE NIVEAU ELEMENTAIRE;1;OUVERT;44;52;17;44109;Loire-Atlantique;Pays de la Loire;Nantes;47.2427947434,-1.52977023462;99;SANS OBJET;06;MINISTERE DE L'EDUCATION NATIONALE;1970-01-07
0441520N;Ecole élémentaire La Bottière;ECOLE ELEMENTAIRE PUBLIQUE;BOTTIERE;Public;10 rue de la Bottiere;;;44300;NANTES;Nantes;358047.1;6691685.6;EPSG:2154;47.23731545756393;-1.522509448370174;Parfaite;Numéro de rue;151;ECOLE DE NIVEAU ELEMENTAIRE;1;OUVERT;44;52;17;44109;Loire-Atlantique;Pays de la Loire;Nantes;47.2373154576,-1.52250944837;99;SANS OBJET;06;MINISTERE DE L'EDUCATION NATIONALE;1971-06-16
0441961T;Ecole primaire Jacques Tati;ECOLE PRIMAIRE PUBLIQUE;JACQUES TATI;Public;1 rue d'Ascain;;;44200;NANTES;Nantes;357461.0;6686993.6;EPSG:2154;47.1948419310859;-1.526690472719608;Parfaite;Numéro de rue;151;ECOLE DE NIVEAU ELEMENTAIRE;1;OUVERT;44;52;17;44109;Loire-Atlantique;Pays de la Loire;Nantes;47.1948419311,-1.52669047272;99;SANS OBJET;06;MINISTERE DE L'EDUCATION NATIONALE;1981-09-01
0441417B;Ecole primaire privée Saint Nicolas;ECOLE PRIMAIRE PRIVEE;ST NICOLAS;Privé;5 rue Dugommier;;;44000;NANTES;Nantes;354895.2;6689480.5;EPSG:2154;47.215865067496;-1.56241949144605;Parfaite;Numéro de rue;151;ECOLE DE NIVEAU ELEMENTAIRE;1;OUVERT;44;52;17;44109;Loire-Atlantique;Pays de la Loire;Nantes;47.2158650675,-1.56241949145;30;CONTRAT D'ASSOCIATION TOUTES CLASSES;06;MINISTERE DE L'EDUCATION NATIONALE;1971-03-19
0442875L;Ecole primaire privée Les Petons dans l'herbe;ECOLE PRIMAIRE PRIVEE;LES PETONS DANS L'HERBE;Privé;8 bd Einstein;;;44000;NANTES;Nantes;355541.9;6694519.5;EPSG:2154;47.26148968357041;-1.5577297579243004;Parfaite;Numéro de rue;151;ECOLE DE NIVEAU ELEMENTAIRE;1;OUVERT;44;52;17;44109;Loire-Atlantique;Pays de la Loire;Nantes;47.2614896836,-1.55772975792;10;HORS CONTRAT;06;MINISTERE DE L'EDUCATION NATIONALE;2018-09-01
0440536U;Collège Sophie Germain;COLLEGE;SOPHIE GERMAIN;Public;19  MAIL PABLO PICASSO;;;44000;NANTES;Nantes;356873.3;6689261.9;EPSG:2154;47.214925766511755;-1.5361600679820884;Parfaite;Numéro de rue;340;COLLEGE;1;OUVERT;44;52;17;44109;Loire-Atlantique;Pays de la Loire;Nantes;47.2149257665,-1.53616006798;99;SANS OBJET;06;MINISTERE DE L'EDUCATION NATIONALE;1970-02-11
0440203G;Collège privé Saint-Martin;COLLEGE PRIVE;ST MARTIN;Privé;38 bis rue DE L ABBAYE;;;44100;NANTES;Nantes;352302.2;6687954.4;EPSG:2154;47.20079616233207;-1.5954500192719163;Parfaite;Numéro de rue;340;COLLEGE;1;OUVERT;44;52;17;44109;Loire-Atlantique;Pays de la Loire;Nantes;47.2007961623,-1.59545001927;30;CONTRAT D'ASSOCIATION TOUTES CLASSES;06;MINISTERE DE L'EDUCATION NATIONALE;1967-03-07
0440219Z;Collège privé Saint Jacques de Compostelle;COLLEGE PRIVE;ST J.DE COMPOSTELLE;Privé;11 rue GABRIEL GOUDY;;;44200;NANTES;Nantes;356485.2;6687129.1;EPSG:2154;47.1955557393812;-1.539660254937077;Parfaite;Numéro de rue;340;COLLEGE;1;OUVERT;44;52;17;44109;Loire-Atlantique;Pays de la Loire;Nantes;47.1955557394,-1.53966025494;30;CONTRAT D'ASSOCIATION TOUTES CLASSES;06;MINISTERE DE L'EDUCATION NATIONALE;1967-03-08
0441782Y;Lycée professionnel agricole de Nantes - le Grand-Blottereau;LYCEE PROFESSIONNEL AGRICOLE;DE NANTES - GD BLOTTEREAU;Public;34  CHEMIN DU PONCEAU;;;44300;NANTES;Nantes;358786.3;6690382.0;EPSG:2154;47.22597929101644;-1.511770390040611;Parfaite;Numéro de rue;320;LYCEE PROFESSIONNEL;1;OUVERT;44;52;17;44109;Loire-Atlantique;Pays de la Loire;Nantes;47.225979291,-1.51177039004;99;SANS OBJET;03;AGRICULTURE;1977-09-07
0441982R;Lycée général et technologique privé Bretagne;LYCEE GEN.ET TECHNOL.PRIVE;DE BRETAGNE;Privé;15  RUE DU LANDREAU;;;44300;NANTES;Nantes;358163.5;6691151.6;EPSG:2154;47.232575902363024;-1.5205694787085215;Parfaite;Numéro de rue;300;LYCEE ENSEIGNT GENERAL ET TECHNOLOGIQUE;1;OUVERT;44;52;17;44109;Loire-Atlantique;Pays de la Loire;Nantes;47.2325759024,-1.52056947871;30;CONTRAT D'ASSOCIATION TOUTES CLASSES;06;MINISTERE DE L'EDUCATION NATIONALE;1981-09-01
0442535S;Ecole Secondaire Privée Cours Charlier;ECOLE SECONDAIRE PRIVEE;COURS CHARLIER;Privé;26 bis rue DES HAUTS PAVES;;;44000;NANTES;Nantes;354876.2;6690358.1;EPSG:2154;47.22374276055028;-1.5633398804077752;Parfaite;Numéro de rue;340;COLLEGE;1;OUVERT;44;52;17;44109;Loire-Atlantique;Pays de la Loire;Nantes;47.2237427606,-1.56333988041;10;HORS CONTRAT;06;MINISTERE DE L'EDUCATION NATIONALE;2001-10-01
0442882U;Ecole Secondaire privée Sainte Catherine de Sienne;ECOLE SECONDAIRE PRIVEE;SAINTE-CATHERINE DE SIENNE;Privé;28 rue du Fort;;;44300;NANTES;Nantes;357415.8;6694755.8;EPSG:2154;47.264584029969946;-1.5331689630167562;Correcte;Rue;340;COLLEGE;1;OUVERT;44;52;17;44109;Loire-Atlantique;Pays de la Loire;Nantes;47.26458403,-1.53316896302;10;HORS CONTRAT;06;MINISTERE DE L'EDUCATION NATIONALE;2018-12-21
0442835T;Collège Simone Veil;COLLEGE;SIMONE VEIL;Public;25 rue DES COLPORTEURS;;;44000;NANTES;Nantes;358699.6;6695129.0;EPSG:2154;47.26860017664039;-1.5165006127201968;Correcte;Rue;340;COLLEGE;1;OUVERT;44;52;17;44109;Loire-Atlantique;Pays de la Loire;Nantes;47.2686001766,-1.51650061272;99;SANS OBJET;06;MINISTERE DE L'EDUCATION NATIONALE;2017-01-01
0441492H;Ecole primaire privée Sainte Anne;ECOLE PRIMAIRE PRIVEE;STE ANNE;Privé;4 rue Mounet Sully;;;44100;NANTES;Nantes;353531.9;6688144.8;EPSG:2154;47.20315019625277;-1.5793795873771128;Parfaite;Numéro de rue;151;ECOLE DE NIVEAU ELEMENTAIRE;1;OUVERT;44;52;17;44109;Loire-Atlantique;Pays de la Loire;Nantes;47.2031501963,-1.57937958738;30;CONTRAT D'ASSOCIATION TOUTES CLASSES;06;MINISTERE DE L'EDUCATION NATIONALE;1971-03-19
0442035Y;Ecole élémentaire Le Linot;ECOLE ELEMENTAIRE PUBLIQUE;LINOT;Public;45 rue du Port des Charrettes;;;44300;NANTES;Nantes;357864.6;6695120.2;EPSG:2154;47.26809083157482;-1.527519502347513;Parfaite;Numéro de rue;151;ECOLE DE NIVEAU ELEMENTAIRE;1;OUVERT;44;52;17;44109;Loire-Atlantique;Pays de la Loire;Nantes;47.2680908316,-1.52751950235;99;SANS OBJET;06;MINISTERE DE L'EDUCATION NATIONALE;1984-09-01
0440714M;Ecole maternelle Henri Bergson;ECOLE MATERNELLE PUBLIQUE;HENRI BERGSON;Public;5 rue de Madrid;;;44000;NANTES;Nantes;357260.4;6689124.6;EPSG:2154;47.21389170661774;-1.5309497710235014;Parfaite;Numéro de rue;101;ECOLE MATERNELLE;1;OUVERT;44;52;17;44109;Loire-Atlantique;Pays de la Loire;Nantes;47.2138917066,-1.53094977102;99;SANS OBJET;06;MINISTERE DE L'EDUCATION NATIONALE;1970-01-08
0441879D;Ecole primaire d'application Françoise Dolto;ECOLE PRIMAIRE D'APPLICATION PUBLIQUE;FRANCOISE DOLTO;Public;11 rue de Concarneau;;;44300;NANTES;Nantes;353920.3;6695029.9;EPSG:2154;47.26523271480759;-1.5795293798054046;Parfaite;Numéro de rue;153;ECOLE ELEMENTAIRE D APPLICATION;1;OUVERT;44;52;17;44109;Loire-Atlantique;Pays de la Loire;Nantes;47.2652327148,-1.57952937981;99;SANS OBJET;06;MINISTERE DE L'EDUCATION NATIONALE;1978-09-15
0440624P;Ecole élémentaire Champenois;ECOLE ELEMENTAIRE PUBLIQUE;CHAMPENOIS;Public;8 rue Champenois;;;44000;NANTES;Nantes;357687.4;6690410.0;EPSG:2154;47.225665082819944;-1.5262902697603176;Parfaite;Numéro de rue;151;ECOLE DE NIVEAU ELEMENTAIRE;1;OUVERT;44;52;17;44109;Loire-Atlantique;Pays de la Loire;Nantes;47.2256650828,-1.52629026976;99;SANS OBJET;06;MINISTERE DE L'EDUCATION NATIONALE;1970-01-07
0440632Y;Ecole élémentaire Le Coudray;ECOLE ELEMENTAIRE PUBLIQUE;COUDRAY;Public;20 rue du Coudray;;;44000;NANTES;Nantes;356455.1;6691293.2;EPSG:2154;47.232966350854895;-1.543219897058645;Parfaite;Numéro de rue;151;ECOLE DE NIVEAU ELEMENTAIRE;1;OUVERT;44;52;17;44109;Loire-Atlantique;Pays de la Loire;Nantes;47.2329663509,-1.54321989706;99;SANS OBJET;06;MINISTERE DE L'EDUCATION NATIONALE;1970-01-07
0440636C;Ecole élémentaire Dervallières Chézine;ECOLE ELEMENTAIRE PUBLIQUE;DERVALLIERES CHEZINE;Public;1 rue Auguste Lepère;;;44100;NANTES;Nantes;352265.0;6690867.9;EPSG:2154;47.22696163571036;-1.5981804071889079;Correcte;Numéro de rue;151;ECOLE DE NIVEAU ELEMENTAIRE;1;OUVERT;44;52;17;44109;Loire-Atlantique;Pays de la Loire;Nantes;47.2269616357,-1.59818040719;99;SANS OBJET;06;MINISTERE DE L'EDUCATION NATIONALE;1970-01-07
0440647P;Ecole primaire Alphonse Braud;ECOLE PRIMAIRE PUBLIQUE;ALPHONSE BRAUD;Public;34 rue Gutenberg;;;44100;NANTES;Nantes;352988.2;6688027.6;EPSG:2154;47.201812920197064;-1.5864598289770289;Parfaite;Numéro de rue;151;ECOLE DE NIVEAU ELEMENTAIRE;1;OUVERT;44;52;17;44109;Loire-Atlantique;Pays de la Loire;Nantes;47.2018129202,-1.58645982898;99;SANS OBJET;06;MINISTERE DE L'EDUCATION NATIONALE;1970-01-07
0440650T;Ecole primaire La Jonelière;ECOLE PRIMAIRE PUBLIQUE;JONELIERE;Public;76 route de la Jonelière;;;44300;NANTES;Nantes;356342.6;6693456.7;EPSG:2154;47.25235297883093;-1.5463498788417127;Correcte;Numéro de rue;151;ECOLE DE NIVEAU ELEMENTAIRE;1;OUVERT;44;52;17;44109;Loire-Atlantique;Pays de la Loire;Nantes;47.2523529788,-1.54634987884;99;SANS OBJET;06;MINISTERE DE L'EDUCATION NATIONALE;1970-01-07
0440654X;Ecole primaire Longchamp;ECOLE PRIMAIRE PUBLIQUE;LONGCHAMP;Public;6 rue du Vélodrome;;;44300;NANTES;Nantes;354265.3;6692045.9;EPSG:2154;47.23859402747202;-1.5726902803672882;Parfaite;Numéro de rue;151;ECOLE DE NIVEAU ELEMENTAIRE;1;OUVERT;44;52;17;44109;Loire-Atlantique;Pays de la Loire;Nantes;47.2385940275,-1.57269028037;99;SANS OBJET;06;MINISTERE DE L'EDUCATION NATIONALE;1970-01-07
0440664H;Ecole primaire Rue Noire;ECOLE PRIMAIRE PUBLIQUE;RUE NOIRE;Public;45 rue Noire;;;44000;NANTES;Nantes;354870.4;6690480.5;EPSG:2154;47.22483983198892;-1.5635098287619005;Parfaite;Numéro de rue;151;ECOLE DE NIVEAU ELEMENTAIRE;1;OUVERT;44;52;17;44109;Loire-Atlantique;Pays de la Loire;Nantes;47.224839832,-1.56350982876;99;SANS OBJET;06;MINISTERE DE L'EDUCATION NATIONALE;1970-01-08
0440665J;Ecole primaire Charles Lebourg;ECOLE PRIMAIRE PUBLIQUE;CHARLES LEBOURG;Public;5 rue Charles Lebourg;;;44300;NANTES;Nantes;355172.6;6691500.1;EPSG:2154;47.23416071369772;-1.5603005851508343;Parfaite;Numéro de rue;151;ECOLE DE NIVEAU ELEMENTAIRE;1;OUVERT;44;52;17;44109;Loire-Atlantique;Pays de la Loire;Nantes;47.2341607137,-1.56030058515;99;SANS OBJET;06;MINISTERE DE L'EDUCATION NATIONALE;1970-01-08
0440670P;Ecole élémentaire Lucie Aubrac;ECOLE ELEMENTAIRE PUBLIQUE;LUCIE AUBRAC;Public;47 boulevard Jean Moulin;;;44100;NANTES;Nantes;352071.1;6688764.7;EPSG:2154;47.20795766111801;-1.5991205875703662;Parfaite;Numéro de rue;151;ECOLE DE NIVEAU ELEMENTAIRE;1;OUVERT;44;52;17;44109;Loire-Atlantique;Pays de la Loire;Nantes;47.2079576611,-1.59912058757;99;SANS OBJET;06;MINISTERE DE L'EDUCATION NATIONALE;1970-01-08
0440687H;Ecole élémentaire Alain-Fournier;ECOLE ELEMENTAIRE PUBLIQUE;ALAIN-FOURNIER;Public;87 rue du Bois Hardy;;;44100;NANTES;Nantes;351846.2;6688353.6;EPSG:2154;47.20414502030416;-1.6017703849968057;Parfaite;Numéro de rue;151;ECOLE DE NIVEAU ELEMENTAIRE;1;OUVERT;44;52;17;44109;Loire-Atlantique;Pays de la Loire;Nantes;47.2041450203,-1.601770385;99;SANS OBJET;06;MINISTERE DE L'EDUCATION NATIONALE;1970-01-08
0440692N;Ecole maternelle Le Baut;ECOLE MATERNELLE PUBLIQUE;BAUT;Public;4 rue des Renards;;;44300;NANTES;Nantes;355132.3;6693711.4;EPSG:2154;47.254014014899326;-1.5625202377817575;Parfaite;Numéro de rue;101;ECOLE MATERNELLE;1;OUVERT;44;52;17;44109;Loire-Atlantique;Pays de la Loire;Nantes;47.2540140149,-1.56252023778;99;SANS OBJET;06;MINISTERE DE L'EDUCATION NATIONALE;1970-01-08
0440696T;Ecole maternelle Jacques Prévert;ECOLE MATERNELLE PUBLIQUE;JACQUES PREVERT;Public;34 rue du Breil;;;44100;NANTES;Nantes;353374.1;6691119.4;EPSG:2154;47.229802180870266;-1.5837403325302695;Parfaite;Numéro de rue;101;ECOLE MATERNELLE;1;OUVERT;44;52;17;44109;Loire-Atlantique;Pays de la Loire;Nantes;47.2298021809,-1.58374033253;99;SANS OBJET;06;MINISTERE DE L'EDUCATION NATIONALE;1970-01-08
0440698V;Ecole maternelle Louis Guiotton;ECOLE MATERNELLE PUBLIQUE;LOUIS GUIOTTON;Public;7 rue Champenois;;;44000;NANTES;Nantes;357588.1;6690395.6;EPSG:2154;47.225484434207175;-1.527589500738502;Parfaite;Numéro de rue;101;ECOLE MATERNELLE;1;OUVERT;44;52;17;44109;Loire-Atlantique;Pays de la Loire;Nantes;47.2254844342,-1.52758950074;99;SANS OBJET;06;MINISTERE DE L'EDUCATION NATIONALE;1970-01-08
0440701Y;Ecole maternelle La Contrie;ECOLE MATERNELLE PUBLIQUE;CONTRIE;Public;40 rue Jean Bouin;;;44100;NANTES;Nantes;352001.6;6689587.0;EPSG:2154;47.21531160906286;-1.6006697923250852;Parfaite;Numéro de rue;101;ECOLE MATERNELLE;1;OUVERT;44;52;17;44109;Loire-Atlantique;Pays de la Loire;Nantes;47.2153116091,-1.60066979233;99;SANS OBJET;06;MINISTERE DE L'EDUCATION NATIONALE;1970-01-08
0440705C;Ecole maternelle Maurice Macé;ECOLE MATERNELLE PUBLIQUE;MAURICE MACE;Public;22 rue du Pontereau - Doulon;;;44300;NANTES;Nantes;359422.8;6691547.5;EPSG:2154;47.23678174343461;-1.5042505323975361;Parfaite;Numéro de rue;101;ECOLE MATERNELLE;1;OUVERT;44;52;17;44109;Loire-Atlantique;Pays de la Loire;Nantes;47.2367817434,-1.5042505324;99;SANS OBJET;06;MINISTERE DE L'EDUCATION NATIONALE;1970-01-08
0440710H;Ecole maternelle Urbain le Verrier;ECOLE MATERNELLE PUBLIQUE;URBAIN LE VERRIER;Public;11 rue Urbain Le Verrier;;;44300;NANTES;Nantes;358195.9;6692181.0;EPSG:2154;47.24184471271331;-1.5209205022192074;Parfaite;Numéro de rue;101;ECOLE MATERNELLE;1;OUVERT;44;52;17;44109;Loire-Atlantique;Pays de la Loire;Nantes;47.2418447127,-1.52092050222;99;SANS OBJET;06;MINISTERE DE L'EDUCATION NATIONALE;1970-01-08
0440712K;Ecole maternelle Lamoricière;ECOLE MATERNELLE PUBLIQUE;LAMORICIERE;Public;14 bis rue Lamoricière;;;44100;NANTES;Nantes;354195.9;6689121.7;EPSG:2154;47.21227638611638;-1.5713695783633703;Correcte;Numéro de rue;101;ECOLE MATERNELLE;1;OUVERT;44;52;17;44109;Loire-Atlantique;Pays de la Loire;Nantes;47.2122763861,-1.57136957836;99;SANS OBJET;06;MINISTERE DE L'EDUCATION NATIONALE;1970-01-08
0440715N;Ecole maternelle Les Marsauderies;ECOLE MATERNELLE PUBLIQUE;MARSAUDERIES;Public;9 rue de la Bertinière;;;44300;NANTES;Nantes;357437.0;6692370.1;EPSG:2154;47.24315292085051;-1.5310795715839725;Parfaite;Numéro de rue;101;ECOLE MATERNELLE;1;OUVERT;44;52;17;44109;Loire-Atlantique;Pays de la Loire;Nantes;47.2431529209,-1.53107957158;99;SANS OBJET;06;MINISTERE DE L'EDUCATION NATIONALE;1970-01-08
0440718S;Ecole maternelle Plessis Cellier;ECOLE MATERNELLE PUBLIQUE;PLESSIS CELLIER;Public;61 rue des Alouettes;;;44100;NANTES;Nantes;351494.5;6688109.1;EPSG:2154;47.20176308109796;-1.606220188013517;Parfaite;Numéro de rue;101;ECOLE MATERNELLE;1;OUVERT;44;52;17;44109;Loire-Atlantique;Pays de la Loire;Nantes;47.2017630811,-1.60622018801;99;SANS OBJET;06;MINISTERE DE L'EDUCATION NATIONALE;1970-01-08
0440723X;Ecole maternelle Gaston Serpette;ECOLE MATERNELLE PUBLIQUE;GASTON SERPETTE;Public;23 rue Edmond Bire;;;44000;NANTES;Nantes;353908.1;6690877.5;EPSG:2154;47.227906793044;-1.5765094030263727;Parfaite;Numéro de rue;101;ECOLE MATERNELLE;1;OUVERT;44;52;17;44109;Loire-Atlantique;Pays de la Loire;Nantes;47.227906793,-1.57650940303;99;SANS OBJET;06;MINISTERE DE L'EDUCATION NATIONALE;1970-01-09
0440724Y;Ecole maternelle Docteur Teillais;ECOLE MATERNELLE PUBLIQUE;DOCTEUR TEILLAIS;Public;21 rue du Docteur Teillais;;;44300;NANTES;Nantes;357210.2;6691430.1;EPSG:2154;47.23458726420742;-1.5333598322123299;Parfaite;Numéro de rue;101;ECOLE MATERNELLE;1;OUVERT;44;52;17;44109;Loire-Atlantique;Pays de la Loire;Nantes;47.2345872642,-1.53335983221;99;SANS OBJET;06;MINISTERE DE L'EDUCATION NATIONALE;1970-01-09
0440997V;Ecole élémentaire Les Plantes;ECOLE ELEMENTAIRE PUBLIQUE;PLANTES;Public;19 avenue des Plantes;;;44100;NANTES;Nantes;353410.1;6691634.1;EPSG:2154;47.234446840137984;-1.583659995894648;Parfaite;Numéro de rue;151;ECOLE DE NIVEAU ELEMENTAIRE;1;OUVERT;44;52;17;44109;Loire-Atlantique;Pays de la Loire;Nantes;47.2344468401,-1.58365999589;99;SANS OBJET;06;MINISTERE DE L'EDUCATION NATIONALE;1970-06-02
0441038P;Ecole élémentaire Les Garennes;ECOLE ELEMENTAIRE PUBLIQUE;GARENNES;Public;7 place des Garennes;;;44100;NANTES;Nantes;353554.7;6687976.5;EPSG:2154;47.201649477555506;-1.578950057242011;Parfaite;Numéro de rue;151;ECOLE DE NIVEAU ELEMENTAIRE;1;OUVERT;44;52;17;44109;Loire-Atlantique;Pays de la Loire;Nantes;47.2016494776,-1.57895005724;99;SANS OBJET;06;MINISTERE DE L'EDUCATION NATIONALE;1970-10-08
0441435W;Ecole primaire privée Saint Clair;ECOLE PRIMAIRE PRIVEE;ST CLAIR;Privé;34 rue Danton;;;44100;NANTES;Nantes;352898.9;6689333.9;EPSG:2154;47.213506663875826;-1.5886396453488845;Parfaite;Numéro de rue;151;ECOLE DE NIVEAU ELEMENTAIRE;1;OUVERT;44;52;17;44109;Loire-Atlantique;Pays de la Loire;Nantes;47.2135066639,-1.58863964535;30;CONTRAT D'ASSOCIATION TOUTES CLASSES;06;MINISTERE DE L'EDUCATION NATIONALE;1971-03-19
0441494K;Ecole primaire privée Notre-Dame de Toutes Aides;ECOLE PRIMAIRE PRIVEE;N-D.DE TOUTES AIDES;Privé;8 rue Denis Papin;;;44000;NANTES;Nantes;357993.3;6690152.8;EPSG:2154;47.2235110953817;-1.5220597440100478;Parfaite;Numéro de rue;151;ECOLE DE NIVEAU ELEMENTAIRE;1;OUVERT;44;52;17;44109;Loire-Atlantique;Pays de la Loire;Nantes;47.2235110954,-1.52205974401;30;CONTRAT D'ASSOCIATION TOUTES CLASSES;06;MINISTERE DE L'EDUCATION NATIONALE;1971-03-19
0441634M;Ecole élémentaire Louis Pergaud;ECOLE ELEMENTAIRE PUBLIQUE;LOUIS PERGAUD;Public;6 rue Louis Pergaud;;;44300;NANTES;Nantes;358482.0;6695149.7;EPSG:2154;47.26867420105138;-1.5193895383035185;Correcte;Rue;151;ECOLE DE NIVEAU ELEMENTAIRE;1;OUVERT;44;52;17;44109;Loire-Atlantique;Pays de la Loire;Nantes;47.2686742011,-1.5193895383;99;SANS OBJET;06;MINISTERE DE L'EDUCATION NATIONALE;1973-06-12
0441665W;Ecole maternelle La Bottière;ECOLE MATERNELLE PUBLIQUE;BOTTIERE;Public;14 rue de la Bottière;;;44300;NANTES;Nantes;358053.8;6691697.6;EPSG:2154;47.237426764660235;-1.5224301106302784;Parfaite;Numéro de rue;101;ECOLE MATERNELLE;1;OUVERT;44;52;17;44109;Loire-Atlantique;Pays de la Loire;Nantes;47.2374267647,-1.52243011063;99;SANS OBJET;06;MINISTERE DE L'EDUCATION NATIONALE;1974-02-15
0441694C;Ecole élémentaire François Dallet;ECOLE ELEMENTAIRE PUBLIQUE;FRANCOIS DALLET;Public;150 boulevard des Poilus;;;44300;NANTES;Nantes;357192.4;6691344.4;EPSG:2154;47.23380781424526;-1.533529718674513;Parfaite;Numéro de rue;151;ECOLE DE NIVEAU ELEMENTAIRE;1;OUVERT;44;52;17;44109;Loire-Atlantique;Pays de la Loire;Nantes;47.2338078142,-1.53352971867;99;SANS OBJET;06;MINISTERE DE L'EDUCATION NATIONALE;1975-05-05
0442047L;Ecole maternelle Marie-Anne du Boccage;ECOLE MATERNELLE PUBLIQUE;MARIE-ANNE DU BOCCAGE;Public;44 rue Marie-Anne du Boccage;;;44000;NANTES;Nantes;354097.9;6689380.6;EPSG:2154;47.21455222498077;-1.572860182658211;Parfaite;Numéro de rue;101;ECOLE MATERNELLE;1;OUVERT;44;52;17;44109;Loire-Atlantique;Pays de la Loire;Nantes;47.214552225,-1.57286018266;99;SANS OBJET;06;MINISTERE DE L'EDUCATION NATIONALE;1985-09-01
0442898L;Ecole primaire Joséphine Baker;ECOLE PRIMAIRE PUBLIQUE;JOSEPHINE BAKER;Public;2 rue Josephine Baker;;;44000;NANTES;Nantes;354925.7;6688189.3;EPSG:2154;47.20427599929102;-1.5610322550819424;Correcte;Rue;151;ECOLE DE NIVEAU ELEMENTAIRE;3;A OUVRIR;44;52;17;44109;Loire-Atlantique;Pays de la Loire;Nantes;47.2042759993,-1.56103225508;99;SANS OBJET;06;MINISTERE DE L'EDUCATION NATIONALE;2020-09-01
0442897K;Ecole primaire Leloup-Bouhier;ECOLE PRIMAIRE PUBLIQUE;LELOUP-BOUHIER;Public;11 boulevard DE LAUNAY;;;44100;NANTES;Nantes;354076.5;6688900.6;EPSG:2154;47.21022701559704;-1.5727753901141799;Parfaite;Numéro de rue;151;ECOLE DE NIVEAU ELEMENTAIRE;3;A OUVRIR;44;52;17;44109;Loire-Atlantique;Pays de la Loire;Nantes;47.2102270156,-1.57277539011;99;SANS OBJET;06;MINISTERE DE L'EDUCATION NATIONALE;2020-09-01
0440285W;Collège Gaston Serpette;COLLEGE;GASTON SERPETTE;Public;12 rue DU DOCTEUR RAPPIN;;;44000;NANTES;Nantes;353907.7;6690819.7;EPSG:2154;47.22738710438993;-1.5764704324721976;Parfaite;Numéro de rue;340;COLLEGE;1;OUVERT;44;52;17;44109;Loire-Atlantique;Pays de la Loire;Nantes;47.2273871044,-1.57647043247;99;SANS OBJET;06;MINISTERE DE L'EDUCATION NATIONALE;1968-03-13
0442649R;Ecole Silvya Terrade Nantes;ECOLE 2D DEGRE PROF.PRIVEE;ECOLE SILVYA TERRADE NANTES;Privé;1 place DE LA GALARNE;;;44200;NANTES;Nantes;357318.9;6688533.9;EPSG:2154;47.208612750788454;-1.5297306351550042;Parfaite;Numéro de rue;320;LYCEE PROFESSIONNEL;1;OUVERT;44;52;17;44109;Loire-Atlantique;Pays de la Loire;Nantes;47.2086127508,-1.52973063516;10;HORS CONTRAT;06;MINISTERE DE L'EDUCATION NATIONALE;2009-03-16
0441545R;Collège La Noé Lambert;COLLEGE;LA NOE LAMBERT;Public;42 boulevard DES POILUS;;;44300;NANTES;Nantes;357653.1;6691118.7;EPSG:2154;47.23201709108662;-1.5272795035778097;Parfaite;Numéro de rue;340;COLLEGE;1;OUVERT;44;52;17;44109;Loire-Atlantique;Pays de la Loire;Nantes;47.2320170911,-1.52727950358;99;SANS OBJET;06;MINISTERE DE L'EDUCATION NATIONALE;1972-01-25
0442104Y;Ecole primaire privée Diwan;ECOLE PRIMAIRE PRIVEE;DIWAN;Privé;160 rue du Corps de Garde;;;44100;NANTES;Nantes;351929.5;6690041.0;EPSG:2154;47.219354093168604;-1.6019702314405084;Parfaite;Numéro de rue;151;ECOLE DE NIVEAU ELEMENTAIRE;1;OUVERT;44;52;17;44109;Loire-Atlantique;Pays de la Loire;Nantes;47.2193540932,-1.60197023144;31;CONTRAT ASSOCIATION PARTIE DES CLASSES;06;MINISTERE DE L'EDUCATION NATIONALE;1989-09-01
0442871G;Collège Privé Al Bader;COLLEGE PRIVE;AL BADER;Privé;136 boulevard de Seattle;;;44000;NANTES;Nantes;358386.3;6689723.5;EPSG:2154;47.21985495746551;-1.5165504565487438;Correcte;Rue;340;COLLEGE;1;OUVERT;44;52;17;44109;Loire-Atlantique;Pays de la Loire;Nantes;47.2198549575,-1.51655045655;10;HORS CONTRAT;06;MINISTERE DE L'EDUCATION NATIONALE;2018-04-20
0441546S;Section d'enseignement général et professionnel adapté du Collège La Noé Lambert;SEGPA;CLG LA NOE LAMBERT;Public;42 boulevard DES POILUS;;;44300;NANTES;Nantes;357656.4;6691097.4;EPSG:2154;47.23182735221781;-1.5272198272419046;Parfaite;Numéro de rue;390;SECTION ENSEIGNT GEN. ET PROF. ADAPTE;1;OUVERT;44;52;17;44109;Loire-Atlantique;Pays de la Loire;Nantes;47.2318273522,-1.52721982724;99;SANS OBJET;06;MINISTERE DE L'EDUCATION NATIONALE;1972-01-25
0440639F;Ecole élémentaire Maurice Macé;ECOLE ELEMENTAIRE PUBLIQUE;MAURICE MACE;Public;14 rue du Pontereau;;;44300;NANTES;Nantes;359428.9;6691481.2;EPSG:2154;47.23618897073644;-1.5041200708170321;Parfaite;Numéro de rue;151;ECOLE DE NIVEAU ELEMENTAIRE;1;OUVERT;44;52;17;44109;Loire-Atlantique;Pays de la Loire;Nantes;47.2361889707,-1.50412007082;99;SANS OBJET;06;MINISTERE DE L'EDUCATION NATIONALE;1970-01-07
0440683D;Ecole élémentaire Gaston Serpette;ECOLE ELEMENTAIRE PUBLIQUE;GASTON SERPETTE;Public;46 rue du Douet Garnier;;;44000;NANTES;Nantes;353898.0;6690704.0;EPSG:2154;47.226342186815366;-1.576509838493324;Parfaite;Numéro de rue;151;ECOLE DE NIVEAU ELEMENTAIRE;1;OUVERT;44;52;17;44109;Loire-Atlantique;Pays de la Loire;Nantes;47.2263421868,-1.57650983849;99;SANS OBJET;06;MINISTERE DE L'EDUCATION NATIONALE;1970-01-08
0440684E;Ecole élémentaire Stalingrad;ECOLE ELEMENTAIRE PUBLIQUE;STALINGRAD;Public;12 boulevard de Stalingrad;;;44000;NANTES;Nantes;356814.5;6689728.7;EPSG:2154;47.21909089452489;-1.537289909996826;Parfaite;Numéro de rue;151;ECOLE DE NIVEAU ELEMENTAIRE;1;OUVERT;44;52;17;44109;Loire-Atlantique;Pays de la Loire;Nantes;47.2190908945,-1.53728991;99;SANS OBJET;06;MINISTERE DE L'EDUCATION NATIONALE;1970-01-08
0440713L;Ecole maternelle Maisdon Pajot;ECOLE MATERNELLE PUBLIQUE;MAISDON PAJOT;Public;22 rue Maisdon Pajot;;;44100;NANTES;Nantes;353203.3;6689537.3;EPSG:2154;47.21549382011315;-1.584780502779314;Parfaite;Numéro de rue;101;ECOLE MATERNELLE;1;OUVERT;44;52;17;44109;Loire-Atlantique;Pays de la Loire;Nantes;47.2154938201,-1.58478050278;99;SANS OBJET;06;MINISTERE DE L'EDUCATION NATIONALE;1970-01-08
0440725Z;Ecole maternelle Jean Zay 1;ECOLE MATERNELLE PUBLIQUE;JEAN ZAY GPE 1;Public;15 bis rue Yves Kartel;;;44100;NANTES;Nantes;351463.1;6688869.5;EPSG:2154;47.20858063440812;-1.6072199996714536;Correcte;Numéro de rue;101;ECOLE MATERNELLE;1;OUVERT;44;52;17;44109;Loire-Atlantique;Pays de la Loire;Nantes;47.2085806344,-1.60721999967;99;SANS OBJET;06;MINISTERE DE L'EDUCATION NATIONALE;1970-01-09
0441434V;Ecole primaire privée Saint Jean XXIII;ECOLE PRIMAIRE PRIVEE;ST JEAN XXIII;Privé;25 rue Alphonse Daudet;;;44000;NANTES;Nantes;354711.4;6690758.7;EPSG:2154;47.2272574883577;-1.5658200052942055;Parfaite;Numéro de rue;151;ECOLE DE NIVEAU ELEMENTAIRE;1;OUVERT;44;52;17;44109;Loire-Atlantique;Pays de la Loire;Nantes;47.2272574884,-1.56582000529;30;CONTRAT D'ASSOCIATION TOUTES CLASSES;06;MINISTERE DE L'EDUCATION NATIONALE;1971-03-19
0441515H;Ecole élémentaire Jean Moulin;ECOLE ELEMENTAIRE PUBLIQUE;JEAN MOULIN;Public;5 rue de Chypre;;;44000;NANTES;Nantes;357859.8;6689293.1;EPSG:2154;47.21571537576598;-1.5231706180596947;Parfaite;Numéro de rue;151;ECOLE DE NIVEAU ELEMENTAIRE;1;OUVERT;44;52;17;44109;Loire-Atlantique;Pays de la Loire;Nantes;47.2157153758,-1.52317061806;99;SANS OBJET;06;MINISTERE DE L'EDUCATION NATIONALE;1971-06-16
0441524T;Ecole maternelle Jean Moulin;ECOLE MATERNELLE PUBLIQUE;JEAN MOULIN;Public;5 rue de Chypre;;;44000;NANTES;Nantes;357867.0;6689273.3;EPSG:2154;47.21554112556364;-1.5230606629651429;Parfaite;Numéro de rue;101;ECOLE MATERNELLE;1;OUVERT;44;52;17;44109;Loire-Atlantique;Pays de la Loire;Nantes;47.2155411256,-1.52306066297;99;SANS OBJET;06;MINISTERE DE L'EDUCATION NATIONALE;1971-06-17
0441571U;Ecole élémentaire Louise Michel;ECOLE ELEMENTAIRE PUBLIQUE;LOUISE MICHEL;Public;21 rue Paul Ramadier;;;44200;NANTES;Nantes;357202.0;6688213.0;EPSG:2154;47.205668179379586;-1.5310293514205147;Parfaite;Numéro de rue;151;ECOLE DE NIVEAU ELEMENTAIRE;1;OUVERT;44;52;17;44109;Loire-Atlantique;Pays de la Loire;Nantes;47.2056681794,-1.53102935142;99;SANS OBJET;06;MINISTERE DE L'EDUCATION NATIONALE;1972-05-23
0441666X;Ecole primaire Paul Gauguin;ECOLE PRIMAIRE PUBLIQUE;PAUL GAUGUIN;Public;20 rue de la Coulée;;;44300;NANTES;Nantes;354171.7;6694416.8;EPSG:2154;47.259853663985666;-1.5757405508715907;Correcte;Rue;151;ECOLE DE NIVEAU ELEMENTAIRE;1;OUVERT;44;52;17;44109;Loire-Atlantique;Pays de la Loire;Nantes;47.259853664,-1.57574055087;99;SANS OBJET;06;MINISTERE DE L'EDUCATION NATIONALE;1974-02-15
0442031U;Ecole maternelle Le Linot;ECOLE MATERNELLE PUBLIQUE;LINOT;Public;45 rue du Port des Charrettes;;;44300;NANTES;Nantes;357835.5;6695101.4;EPSG:2154;47.26790684912831;-1.5278894925046043;Parfaite;Numéro de rue;101;ECOLE MATERNELLE;1;OUVERT;44;52;17;44109;Loire-Atlantique;Pays de la Loire;Nantes;47.2679068491,-1.5278894925;99;SANS OBJET;06;MINISTERE DE L'EDUCATION NATIONALE;1986-09-01
0442809P;Ecole élémentaire privée Arborescences;ECOLE ELEMENTAIRE PRIVEE;ARBORESCENCES;Privé;2 bis rue Georges Clémenceau;;;44000;NANTES;Nantes;356177.7;6689859.5;EPSG:2154;47.21993695144457;-1.5457899799476567;Parfaite;Numéro de rue;151;ECOLE DE NIVEAU ELEMENTAIRE;1;OUVERT;44;52;17;44109;Loire-Atlantique;Pays de la Loire;Nantes;47.2199369514,-1.54578997995;10;HORS CONTRAT;06;MINISTERE DE L'EDUCATION NATIONALE;2015-11-09
0440690L;Ecole maternelle Les Agenêts;ECOLE MATERNELLE PUBLIQUE;AGENETS;Public;31 rue des Agenets;;;44000;NANTES;Nantes;357429.8;6690701.8;EPSG:2154;47.228154826728485;-1.5299100714555511;Parfaite;Numéro de rue;101;ECOLE MATERNELLE;1;OUVERT;44;52;17;44109;Loire-Atlantique;Pays de la Loire;Nantes;47.2281548267,-1.52991007146;99;SANS OBJET;06;MINISTERE DE L'EDUCATION NATIONALE;1970-01-08
0441878C;Ecole maternelle Georges Brassens;ECOLE MATERNELLE PUBLIQUE;GEORGES BRASSENS;Public;19 rue Eugène Thomas;;;44300;NANTES;Nantes;354527.5;6694634.8;EPSG:2154;47.261998345943844;-1.571210183163439;Parfaite;Numéro de rue;101;ECOLE MATERNELLE;1;OUVERT;44;52;17;44109;Loire-Atlantique;Pays de la Loire;Nantes;47.2619983459,-1.57121018316;99;SANS OBJET;06;MINISTERE DE L'EDUCATION NATIONALE;1978-09-15
0440286X;Collège Claude Debussy;COLLEGE;CLAUDE DEBUSSY;Public;1  RUE DU DOUBS;;;44100;NANTES;Nantes;351550.9;6688309.3;EPSG:2154;47.20359196670048;-1.6056305962624915;Parfaite;Numéro de rue;340;COLLEGE;1;OUVERT;44;52;17;44109;Loire-Atlantique;Pays de la Loire;Nantes;47.2035919667,-1.60563059626;99;SANS OBJET;06;MINISTERE DE L'EDUCATION NATIONALE;1968-03-13
0440613C;Ecole primaire Ampère;ECOLE PRIMAIRE PUBLIQUE;AMPERE;Public;17 rue Ampère;;;44100;NANTES;Nantes;353182.1;6689093.2;EPSG:2154;47.211491378502664;-1.5847196363270009;Parfaite;Numéro de rue;151;ECOLE DE NIVEAU ELEMENTAIRE;1;OUVERT;44;52;17;44109;Loire-Atlantique;Pays de la Loire;Nantes;47.2114913785,-1.58471963633;99;SANS OBJET;06;MINISTERE DE L'EDUCATION NATIONALE;1970-01-07
0440617G;Ecole élémentaire Le Baut;ECOLE ELEMENTAIRE PUBLIQUE;BAUT;Public;2 rue des Renards;;;44300;NANTES;Nantes;355132.8;6693720.4;EPSG:2154;47.25409516272482;-1.5625205098062624;Parfaite;Numéro de rue;151;ECOLE DE NIVEAU ELEMENTAIRE;1;OUVERT;44;52;17;44109;Loire-Atlantique;Pays de la Loire;Nantes;47.2540951627,-1.56252050981;99;SANS OBJET;06;MINISTERE DE L'EDUCATION NATIONALE;1970-01-07
0440628U;Ecole élémentaire Sully;ECOLE ELEMENTAIRE PUBLIQUE;SULLY;Public;5 rue Henri Cochard;;;44000;NANTES;Nantes;355919.4;6690243.2;EPSG:2154;47.22325170225945;-1.5494894649404933;Parfaite;Rue;151;ECOLE DE NIVEAU ELEMENTAIRE;1;OUVERT;44;52;17;44109;Loire-Atlantique;Pays de la Loire;Nantes;47.2232517023,-1.54948946494;99;SANS OBJET;06;MINISTERE DE L'EDUCATION NATIONALE;1970-01-07
0440651U;Ecole élémentaire Ledru-Rollin;ECOLE ELEMENTAIRE PUBLIQUE;LEDRU-ROLLIN;Public;47 rue Ledru-Rollin;;;44200;NANTES;Nantes;356849.6;6686753.5;EPSG:2154;47.19236827395964;-1.5345704414084664;Parfaite;Numéro de rue;151;ECOLE DE NIVEAU ELEMENTAIRE;1;OUVERT;44;52;17;44109;Loire-Atlantique;Pays de la Loire;Nantes;47.192368274,-1.53457044141;99;SANS OBJET;06;MINISTERE DE L'EDUCATION NATIONALE;1970-01-07
0440667L;Ecole élémentaire Emile Péhant;ECOLE ELEMENTAIRE PUBLIQUE;EMILE PEHANT;Public;24 rue Emile Péhant;;;44000;NANTES;Nantes;355929.5;6689064.9;EPSG:2154;47.21266666064821;-1.5484597757866623;Parfaite;Numéro de rue;151;ECOLE DE NIVEAU ELEMENTAIRE;1;OUVERT;44;52;17;44109;Loire-Atlantique;Pays de la Loire;Nantes;47.2126666606,-1.54845977579;99;SANS OBJET;06;MINISTERE DE L'EDUCATION NATIONALE;1970-01-08
0440707E;Ecole maternelle Fonteny;ECOLE MATERNELLE PUBLIQUE;FONTENY;Public;33 rue du Fonteny;;;44100;NANTES;Nantes;352524.8;6688391.0;EPSG:2154;47.204836641471516;-1.5928498537134435;Parfaite;Numéro de rue;101;ECOLE MATERNELLE;1;OUVERT;44;52;17;44109;Loire-Atlantique;Pays de la Loire;Nantes;47.2048366415,-1.59284985371;99;SANS OBJET;06;MINISTERE DE L'EDUCATION NATIONALE;1970-01-08
0440709G;Ecole maternelle Camille Claudel;ECOLE MATERNELLE PUBLIQUE;CAMILLE CLAUDEL;Public;83 rue des Renards;;;44300;NANTES;Nantes;354685.3;6694246.4;EPSG:2154;47.2585897850032;-1.5688298420401565;Parfaite;Numéro de rue;101;ECOLE MATERNELLE;1;OUVERT;44;52;17;44109;Loire-Atlantique;Pays de la Loire;Nantes;47.258589785,-1.56882984204;99;SANS OBJET;06;MINISTERE DE L'EDUCATION NATIONALE;1970-01-08
0440717R;Ecole maternelle Emile Péhant;ECOLE MATERNELLE PUBLIQUE;EMILE PEHANT;Public;21 rue Emile Péhant;;;44000;NANTES;Nantes;355896.1;6688973.1;EPSG:2154;47.211824270546956;-1.5488305002416738;Parfaite;Numéro de rue;101;ECOLE MATERNELLE;1;OUVERT;44;52;17;44109;Loire-Atlantique;Pays de la Loire;Nantes;47.2118242705,-1.54883050024;99;SANS OBJET;06;MINISTERE DE L'EDUCATION NATIONALE;1970-01-08
0440623N;Ecole primaire Grand Carcouët;ECOLE PRIMAIRE PUBLIQUE;GRAND CARCOUET;Public;1 rue Louis Brisset;;;44100;NANTES;Nantes;352601.9;6691003.3;EPSG:2154;47.22835496758597;-1.5938395954725044;Parfaite;Numéro de rue;151;ECOLE DE NIVEAU ELEMENTAIRE;1;OUVERT;44;52;17;44109;Loire-Atlantique;Pays de la Loire;Nantes;47.2283549676,-1.59383959547;99;SANS OBJET;06;MINISTERE DE L'EDUCATION NATIONALE;1970-01-07
0442048M;Ecole maternelle La Côte d'Or;ECOLE MATERNELLE PUBLIQUE;COTE D'OR;Public;1 avenue Castellano;;;44300;NANTES;Nantes;354327.9;6693006.9;EPSG:2154;47.24726364710143;-1.5725993880822748;Parfaite;Numéro de rue;101;ECOLE MATERNELLE;1;OUVERT;44;52;17;44109;Loire-Atlantique;Pays de la Loire;Nantes;47.2472636471,-1.57259938808;99;SANS OBJET;06;MINISTERE DE L'EDUCATION NATIONALE;1985-09-01
0440036A;LP Louis-Antoine de Bougainville - Lycée des métiers de l'hôtellerie- restauration - Lycée des métiers de la relation clientèle;LP LYCEE DES METIERS;DE BOUGAINVILLE;Public;2 rue EUGENE LEROUX;;;44000;NANTES;Nantes;352501.5;6687692.0;EPSG:2154;47.19854216613575;-1.592620367022577;Parfaite;Numéro de rue;320;LYCEE PROFESSIONNEL;1;OUVERT;44;52;17;44109;Loire-Atlantique;Pays de la Loire;Nantes;47.1985421661,-1.59262036702;99;SANS OBJET;06;MINISTERE DE L'EDUCATION NATIONALE;1965-05-01
0442412H;Ecole secondaire professionnelle privée Nantes Académie Coiffure;NANTES ACADEMIE COIFFURE;NANTES ACADEMIE COIFFURE;Privé;6  PLACE MONTAIGNE;;;44000;NANTES;Nantes;355034.5;6689988.5;EPSG:2154;47.220503214584575;-1.560969476034659;Parfaite;Numéro de rue;320;LYCEE PROFESSIONNEL;1;OUVERT;44;52;17;44109;Loire-Atlantique;Pays de la Loire;Nantes;47.2205032146,-1.56096947603;10;HORS CONTRAT;06;MINISTERE DE L'EDUCATION NATIONALE;2000-04-01
0442786P;Ecole primaire Cours Charlier;ECOLE PRIMAIRE PRIVEE;COURS CHARLIER;Privé;26 bis rue Des Hauts Pavés;;;44000;NANTES;Nantes;354845.0;6690329.5;EPSG:2154;47.22346948966876;-1.5637296671837198;Parfaite;Numéro de rue;151;ECOLE DE NIVEAU ELEMENTAIRE;1;OUVERT;44;52;17;44109;Loire-Atlantique;Pays de la Loire;Nantes;47.2234694897,-1.56372966718;10;HORS CONTRAT;06;MINISTERE DE L'EDUCATION NATIONALE;2015-01-19
0441438Z;Ecole primaire privée Sainte Claire d'Assise;ECOLE PRIMAIRE PRIVEE;STE CLAIRE D ASSISE;Privé;70 rue de la Bourgeonnière;;;44300;NANTES;Nantes;355555.8;6693659.3;EPSG:2154;47.25376579929603;-1.5568901360783372;Parfaite;Numéro de rue;151;ECOLE DE NIVEAU ELEMENTAIRE;1;OUVERT;44;52;17;44109;Loire-Atlantique;Pays de la Loire;Nantes;47.2537657993,-1.55689013608;30;CONTRAT D'ASSOCIATION TOUTES CLASSES;06;MINISTERE DE L'EDUCATION NATIONALE;1971-03-19
0442895H;COLLEGE EXTRAORDINAIRE;ECOLE SECONDAIRE PRIVEE;;Privé;64 rue DE LA BOTTIERE;;;44300;NANTES;Nantes;358274.5;6691889.3;EPSG:2154;47.23926343728604;-1.519662562021962;Parfaite;Numéro de rue;340;COLLEGE;1;OUVERT;44;52;17;44109;Loire-Atlantique;Pays de la Loire;Nantes;47.2392634373,-1.51966256202;10;HORS CONTRAT;06;MINISTERE DE L'EDUCATION NATIONALE;2019-08-31
0442715M;section d'enseignement professionnel du LPO IFOM;SECTION ENSEIGT PROFES.PRIVEE;LPO IFOM;Privé;17 boulevard DES MARTYRS NANTAIS;;;44200;NANTES;Nantes;356077.5;6687976.4;EPSG:2154;47.202960116784816;-1.5456801491580427;Correcte;Numéro de rue;334;SECTION D ENSEIGNEMENT PROFESSIONNEL;1;OUVERT;44;52;17;44109;Loire-Atlantique;Pays de la Loire;Nantes;47.2029601168,-1.54568014916;31;CONTRAT ASSOCIATION PARTIE DES CLASSES;06;MINISTERE DE L'EDUCATION NATIONALE;2011-09-01
0440641H;Ecole élémentaire Fraternité;ECOLE ELEMENTAIRE PUBLIQUE;FRATERNITE;Public;24 boulevard de la Fraternité;;;44100;NANTES;Nantes;353103.7;6689558.0;EPSG:2154;47.21562782053454;-1.5861101691678403;Parfaite;Numéro de rue;151;ECOLE DE NIVEAU ELEMENTAIRE;1;OUVERT;44;52;17;44109;Loire-Atlantique;Pays de la Loire;Nantes;47.2156278205,-1.58611016917;99;SANS OBJET;06;MINISTERE DE L'EDUCATION NATIONALE;1970-01-07
0440644L;Ecole primaire Gay-Lussac;ECOLE PRIMAIRE PUBLIQUE;GAY-LUSSAC;Public;13 rue Corentin Bourveau;;;44300;NANTES;Nantes;358054.4;6690624.5;EPSG:2154;47.2277821750848;-1.521610387338125;Parfaite;Numéro de rue;151;ECOLE DE NIVEAU ELEMENTAIRE;1;OUVERT;44;52;17;44109;Loire-Atlantique;Pays de la Loire;Nantes;47.2277821751,-1.52161038734;99;SANS OBJET;06;MINISTERE DE L'EDUCATION NATIONALE;1970-01-07
0440661E;Ecole élémentaire Léon Blum;ECOLE ELEMENTAIRE PUBLIQUE;LEON BLUM;Public;5 rue Léon Blum;;;44000;NANTES;Nantes;355422.9;6689796.6;EPSG:2154;47.21898021823771;-1.5556994103874435;Parfaite;Numéro de rue;151;ECOLE DE NIVEAU ELEMENTAIRE;1;OUVERT;44;52;17;44109;Loire-Atlantique;Pays de la Loire;Nantes;47.2189802182,-1.55569941039;99;SANS OBJET;06;MINISTERE DE L'EDUCATION NATIONALE;1970-01-07
0440668M;Ecole élémentaire Plessis Cellier;ECOLE ELEMENTAIRE PUBLIQUE;PLESSIS CELLIER;Public;59 rue des Alouettes;;;44100;NANTES;Nantes;351499.6;6688066.0;EPSG:2154;47.201378399311054;-1.6061197417294204;Parfaite;Numéro de rue;151;ECOLE DE NIVEAU ELEMENTAIRE;1;OUVERT;44;52;17;44109;Loire-Atlantique;Pays de la Loire;Nantes;47.2013783993,-1.60611974173;99;SANS OBJET;06;MINISTERE DE L'EDUCATION NATIONALE;1970-01-08
0440674U;Ecole élémentaire Port Boyer;ECOLE ELEMENTAIRE PUBLIQUE;PORT BOYER;Public;53 rue de l'Eraudière;;;44300;NANTES;Nantes;356637.3;6692075.0;EPSG:2154;47.24008726924601;-1.5414096717800474;Parfaite;Numéro de rue;151;ECOLE DE NIVEAU ELEMENTAIRE;1;OUVERT;44;52;17;44109;Loire-Atlantique;Pays de la Loire;Nantes;47.2400872692,-1.54140967178;99;SANS OBJET;06;MINISTERE DE L'EDUCATION NATIONALE;1970-01-08
0440691M;Ecole primaire Les Batignolles;ECOLE PRIMAIRE;BATIGNOLLES;Public;45 route de Paris;;;44300;NANTES;Nantes;358441.4;6693291.6;EPSG:2154;47.25195305392485;-1.518520117042086;Parfaite;Numéro de rue;151;ECOLE DE NIVEAU ELEMENTAIRE;1;OUVERT;44;52;17;44109;Loire-Atlantique;Pays de la Loire;Nantes;47.2519530539,-1.51852011704;99;SANS OBJET;06;MINISTERE DE L'EDUCATION NATIONALE;1970-01-08
0440694R;Ecole maternelle Joseph Blanchart;ECOLE MATERNELLE PUBLIQUE;JOSEPH BLANCHART;Public;94 rue Joseph Blanchart;;;44100;NANTES;Nantes;353700.7;6688427.8;EPSG:2154;47.20578175386947;-1.5773700897965257;Parfaite;Numéro de rue;101;ECOLE MATERNELLE;1;OUVERT;44;52;17;44109;Loire-Atlantique;Pays de la Loire;Nantes;47.2057817539,-1.5773700898;99;SANS OBJET;06;MINISTERE DE L'EDUCATION NATIONALE;1970-01-08
0440699W;Ecole maternelle La Chauvinière;ECOLE MATERNELLE PUBLIQUE;CHAUVINIERE;Public;32 boulevard de la Chauvinière;;;44300;NANTES;Nantes;354252.7;6693683.1;EPSG:2154;47.25330179589951;-1.5741094968727076;Parfaite;Numéro de rue;101;ECOLE MATERNELLE;1;OUVERT;44;52;17;44109;Loire-Atlantique;Pays de la Loire;Nantes;47.2533017959,-1.57410949687;99;SANS OBJET;06;MINISTERE DE L'EDUCATION NATIONALE;1970-01-08
0440700X;Ecole maternelle Le Chêne d'Aron;ECOLE MATERNELLE PUBLIQUE;CHENE D ARON;Public;4 rue du Chêne d'Aron;;;44000;NANTES;Nantes;355029.1;6689043.4;EPSG:2154;47.21200614370755;-1.560319853666957;Parfaite;Numéro de rue;101;ECOLE MATERNELLE;1;OUVERT;44;52;17;44109;Loire-Atlantique;Pays de la Loire;Nantes;47.2120061437,-1.56031985367;99;SANS OBJET;06;MINISTERE DE L'EDUCATION NATIONALE;1970-01-08
0440719T;Ecole maternelle Lucie Aubrac;ECOLE MATERNELLE PUBLIQUE;LUCIE AUBRAC;Public;45 boulevard Jean Moulin;;;44100;NANTES;Nantes;352058.3;6688752.4;EPSG:2154;47.20784040721314;-1.5992799432944385;Parfaite;Numéro de rue;101;ECOLE MATERNELLE;1;OUVERT;44;52;17;44109;Loire-Atlantique;Pays de la Loire;Nantes;47.2078404072,-1.59927994329;99;SANS OBJET;06;MINISTERE DE L'EDUCATION NATIONALE;1970-01-08
0440720U;Ecole maternelle Sully;ECOLE MATERNELLE PUBLIQUE;SULLY;Public;8 allée de la Reine Margot;;;44000;NANTES;Nantes;355896.4;6690199.2;EPSG:2154;47.222844318033104;-1.5497594176652918;Parfaite;Numéro de rue;101;ECOLE MATERNELLE;1;OUVERT;44;52;17;44109;Loire-Atlantique;Pays de la Loire;Nantes;47.222844318,-1.54975941767;99;SANS OBJET;06;MINISTERE DE L'EDUCATION NATIONALE;1970-01-08
0442024L;Ecole primaire Maison Neuve;ECOLE PRIMAIRE PUBLIQUE;MAISON NEUVE;Public;7 rue Eugénie Cotton;;;44300;NANTES;Nantes;358657.3;6694085.0;EPSG:2154;47.25919513489105;-1.5162698408737654;Correcte;Numéro de rue;151;ECOLE DE NIVEAU ELEMENTAIRE;1;OUVERT;44;52;17;44109;Loire-Atlantique;Pays de la Loire;Nantes;47.2591951349,-1.51626984087;99;SANS OBJET;06;MINISTERE DE L'EDUCATION NATIONALE;1983-09-01
0440645M;Ecole élémentaire George Sand;ECOLE ELEMENTAIRE PUBLIQUE;GEORGE SAND;Public;83 rue des Renards;;;44300;NANTES;Nantes;354639.7;6694296.6;EPSG:2154;47.25901721538321;-1.5694702190280125;Parfaite;Numéro de rue;151;ECOLE DE NIVEAU ELEMENTAIRE;1;OUVERT;44;52;17;44109;Loire-Atlantique;Pays de la Loire;Nantes;47.2590172154,-1.56947021903;99;SANS OBJET;06;MINISTERE DE L'EDUCATION NATIONALE;1970-01-07
0440663G;Ecole élémentaire La Mutualité;ECOLE ELEMENTAIRE PUBLIQUE;MUTUALITE;Public;2 rue de la Mutualité;;;44100;NANTES;Nantes;352787.3;6688433.5;EPSG:2154;47.20535593918713;-1.5894206120523133;Parfaite;Numéro de rue;151;ECOLE DE NIVEAU ELEMENTAIRE;1;OUVERT;44;52;17;44109;Loire-Atlantique;Pays de la Loire;Nantes;47.2053559392,-1.58942061205;99;SANS OBJET;06;MINISTERE DE L'EDUCATION NATIONALE;1970-01-08
0440693P;Ecole maternelle Sarah Bernhardt;ECOLE MATERNELLE PUBLIQUE;SARAH BERNHARDT;Public;38 rue de la Ripossière;;;44200;NANTES;Nantes;356891.5;6686834.8;EPSG:2154;47.19312064301049;-1.5340795906553863;Parfaite;Numéro de rue;101;ECOLE MATERNELLE;1;OUVERT;44;52;17;44109;Loire-Atlantique;Pays de la Loire;Nantes;47.193120643,-1.53407959066;99;SANS OBJET;06;MINISTERE DE L'EDUCATION NATIONALE;1970-01-08
0440706D;Ecole maternelle Fellonneau;ECOLE MATERNELLE PUBLIQUE;FELLONNEAU;Public;15 rue Fellonneau;;;44000;NANTES;Nantes;355569.3;6691178.0;EPSG:2154;47.231471808228044;-1.5548204695636043;Parfaite;Numéro de rue;101;ECOLE MATERNELLE;1;OUVERT;44;52;17;44109;Loire-Atlantique;Pays de la Loire;Nantes;47.2314718082,-1.55482046956;99;SANS OBJET;06;MINISTERE DE L'EDUCATION NATIONALE;1970-01-08
0440726A;Ecole maternelle Jean Zay 2;ECOLE MATERNELLE PUBLIQUE;JEAN ZAY GPE 2;Public;19 rue Yves Kartel;;;44100;NANTES;Nantes;351402.2;6688877.9;EPSG:2154;47.208624154288046;-1.608029667359223;Parfaite;Numéro de rue;101;ECOLE MATERNELLE;1;OUVERT;44;52;17;44109;Loire-Atlantique;Pays de la Loire;Nantes;47.2086241543,-1.60802966736;99;SANS OBJET;06;MINISTERE DE L'EDUCATION NATIONALE;1970-01-09
0440727B;Ecole maternelle Alain Fournier;ECOLE MATERNELLE PUBLIQUE;ALAIN-FOURNIER;Public;87 rue du Bois Hardy;;;44100;NANTES;Nantes;351929.5;6688311.9;EPSG:2154;47.20381391728616;-1.6006397690773353;Parfaite;Numéro de rue;101;ECOLE MATERNELLE;1;OUVERT;44;52;17;44109;Loire-Atlantique;Pays de la Loire;Nantes;47.2038139173,-1.60063976908;99;SANS OBJET;06;MINISTERE DE L'EDUCATION NATIONALE;1970-01-09
0441413X;Ecole primaire privée Le Sacré-Coeur;ECOLE PRIMAIRE PRIVEE;LE SACRE-COEUR;Privé;13 rue Giton;;;44100;NANTES;Nantes;353197.7;6689231.4;EPSG:2154;47.21274160686292;-1.584619830205974;Parfaite;Numéro de rue;151;ECOLE DE NIVEAU ELEMENTAIRE;1;OUVERT;44;52;17;44109;Loire-Atlantique;Pays de la Loire;Nantes;47.2127416069,-1.58461983021;30;CONTRAT D'ASSOCIATION TOUTES CLASSES;06;MINISTERE DE L'EDUCATION NATIONALE;1971-03-19
0441485A;Ecole primaire privée Notre-Dame de Toutes Joies;ECOLE PRIMAIRE PRIVEE;N-D.DE TOUTES JOIES;Privé;42 boulevard Albert Thomas;;;44000;NANTES;Nantes;353891.0;6690401.3;EPSG:2154;47.223618003873476;-1.5763704759784947;Parfaite;Numéro de rue;151;ECOLE DE NIVEAU ELEMENTAIRE;1;OUVERT;44;52;17;44109;Loire-Atlantique;Pays de la Loire;Nantes;47.2236180039,-1.57637047598;30;CONTRAT D'ASSOCIATION TOUTES CLASSES;06;MINISTERE DE L'EDUCATION NATIONALE;1971-03-22
0441668Z;Ecole maternelle Port Boyer;ECOLE MATERNELLE PUBLIQUE;PORT BOYER;Public;53 rue de l'Eraudiere;;;44300;NANTES;Nantes;356637.3;6692061.7;EPSG:2154;47.2399677324195;-1.5413995657798156;Parfaite;Numéro de rue;101;ECOLE MATERNELLE;1;OUVERT;44;52;17;44109;Loire-Atlantique;Pays de la Loire;Nantes;47.2399677324,-1.54139956578;99;SANS OBJET;06;MINISTERE DE L'EDUCATION NATIONALE;1974-02-15
0442015B;Ecole maternelle Louis Pergaud;ECOLE MATERNELLE PUBLIQUE;LOUIS PERGAUD;Public;4 rue Louis Pergaud;;;44300;NANTES;Nantes;358482.0;6695149.7;EPSG:2154;47.26867420105138;-1.5193895383035185;Correcte;Rue;101;ECOLE MATERNELLE;1;OUVERT;44;52;17;44109;Loire-Atlantique;Pays de la Loire;Nantes;47.2686742011,-1.5193895383;99;SANS OBJET;06;MINISTERE DE L'EDUCATION NATIONALE;1983-09-01
0440626S;Ecole élémentaire La Chauvinière;ECOLE ELEMENTAIRE PUBLIQUE;CHAUVINIERE;Public;32 boulevard de la Chauvinière;;;44300;NANTES;Nantes;354207.3;6693606.9;EPSG:2154;47.252593286665835;-1.5746504408418156;Correcte;Numéro de rue;151;ECOLE DE NIVEAU ELEMENTAIRE;1;OUVERT;44;52;17;44109;Loire-Atlantique;Pays de la Loire;Nantes;47.2525932867,-1.57465044084;99;SANS OBJET;06;MINISTERE DE L'EDUCATION NATIONALE;1970-01-07
0440704B;Ecole maternelle Dervallières Chézine;ECOLE MATERNELLE PUBLIQUE;DERVALLIERES CHEZINE;Public;1 rue Auguste Lepère;;;44100;NANTES;Nantes;352289.1;6690799.4;EPSG:2154;47.226358625154745;-1.5978097645261533;Parfaite;Numéro de rue;101;ECOLE MATERNELLE;1;OUVERT;44;52;17;44109;Loire-Atlantique;Pays de la Loire;Nantes;47.2263586252,-1.59780976453;99;SANS OBJET;06;MINISTERE DE L'EDUCATION NATIONALE;1970-01-08
0441738A;Ecole maternelle La Beaujoire;ECOLE MATERNELLE PUBLIQUE;BEAUJOIRE;Public;66 boulevard Professeur R. Auvigne;;;44300;NANTES;Nantes;358478.6;6693703.5;EPSG:2154;47.25567429511614;-1.5183405306456084;Correcte;Rue;101;ECOLE MATERNELLE;1;OUVERT;44;52;17;44109;Loire-Atlantique;Pays de la Loire;Nantes;47.2556742951,-1.51834053065;99;SANS OBJET;06;MINISTERE DE L'EDUCATION NATIONALE;1976-04-23
0441924C;Ecole élémentaire La Beaujoire;ECOLE ELEMENTAIRE PUBLIQUE;BEAUJOIRE;Public;10 avenue Gare de St Joseph;;;44300;NANTES;Nantes;358032.6;6693389.5;EPSG:2154;47.252622351661294;-1.523990482907476;Correcte;Rue;151;ECOLE DE NIVEAU ELEMENTAIRE;1;OUVERT;44;52;17;44109;Loire-Atlantique;Pays de la Loire;Nantes;47.2526223517,-1.52399048291;99;SANS OBJET;06;MINISTERE DE L'EDUCATION NATIONALE;1980-09-01
0441428N;Ecole primaire privée Saint Jacques de Compostelle;ECOLE PRIMAIRE PRIVEE;ST JACQUES DE COMPOSTELLE;Privé;16 rue du Frère Louis;;;44200;NANTES;Nantes;356527.3;6687082.3;EPSG:2154;47.195156882398514;-1.539069601263059;Parfaite;Numéro de rue;151;ECOLE DE NIVEAU ELEMENTAIRE;1;OUVERT;44;52;17;44109;Loire-Atlantique;Pays de la Loire;Nantes;47.1951568824,-1.53906960126;30;CONTRAT D'ASSOCIATION TOUTES CLASSES;06;MINISTERE DE L'EDUCATION NATIONALE;1971-03-19
0441937S;Collège privé Saint-Donatien;COLLEGE PRIVE;ST DONATIEN;Privé;6 rue GUILLET DE LA BROSSE;;60105;44000;NANTES;Nantes;356396.9;6690941.1;EPSG:2154;47.22977163313696;-1.543720222749875;Parfaite;Numéro de rue;340;COLLEGE;1;OUVERT;44;52;17;44109;Loire-Atlantique;Pays de la Loire;Nantes;47.2297716331,-1.54372022275;30;CONTRAT D'ASSOCIATION TOUTES CLASSES;06;MINISTERE DE L'EDUCATION NATIONALE;1980-09-01
0442119P;Collège privé de Bretagne;COLLEGE PRIVE;DE BRETAGNE;Privé;15  RUE DU LANDREAU;;;44300;NANTES;Nantes;358164.9;6691163.7;EPSG:2154;47.23268537704002;-1.5205601557879864;Parfaite;Numéro de rue;340;COLLEGE;1;OUVERT;44;52;17;44109;Loire-Atlantique;Pays de la Loire;Nantes;47.232685377,-1.52056015579;30;CONTRAT D'ASSOCIATION TOUTES CLASSES;06;MINISTERE DE L'EDUCATION NATIONALE;1989-09-01
0440025N;Collège Hector Berlioz;COLLEGE;HECTOR BERLIOZ;Public;122 boulevard Robert Schuman;;;44300;NANTES;Nantes;354356.8;6692251.6;EPSG:2154;47.2404904329111;-1.5716401397055042;Parfaite;Numéro de rue;340;COLLEGE;1;OUVERT;44;52;17;44109;Loire-Atlantique;Pays de la Loire;Nantes;47.2404904329,-1.57164013971;99;SANS OBJET;06;MINISTERE DE L'EDUCATION NATIONALE;1965-05-01
0440648R;Ecole primaire Harouys;ECOLE PRIMAIRE PUBLIQUE;HAROUYS;Public;10 rue Harouys;;;44000;NANTES;Nantes;354711.9;6689759.0;EPSG:2154;47.21827281037812;-1.5650500173388664;Parfaite;Numéro de rue;151;ECOLE DE NIVEAU ELEMENTAIRE;1;OUVERT;44;52;17;44109;Loire-Atlantique;Pays de la Loire;Nantes;47.2182728104,-1.56505001734;99;SANS OBJET;06;MINISTERE DE L'EDUCATION NATIONALE;1970-01-07
0441740C;Ecole maternelle Georges Lafont;ECOLE MATERNELLE PUBLIQUE;GEORGES LAFONT;Public;56 rue Georges Lafont;;;44300;NANTES;Nantes;353493.3;6691956.9;EPSG:2154;47.237391446669406;-1.5828096308269701;Parfaite;Numéro de rue;101;ECOLE MATERNELLE;1;OUVERT;44;52;17;44109;Loire-Atlantique;Pays de la Loire;Nantes;47.2373914467,-1.58280963083;99;SANS OBJET;06;MINISTERE DE L'EDUCATION NATIONALE;1976-04-23
0442227G;Lycée polyvalent privé Institut de formation aux métiers paramédicaux - Lycée métiers du bien-être : esthétique, cosmétique, parfumerie et diététique;LPO LYCEE PRIVE DES METIERS;IFOM;Privé;17 boulevard DES MARTYRS NANTAIS;;;44200;NANTES;Nantes;356077.5;6687976.4;EPSG:2154;47.202960116784816;-1.5456801491580427;Correcte;Numéro de rue;306;LYCEE POLYVALENT;1;OUVERT;44;52;17;44109;Loire-Atlantique;Pays de la Loire;Nantes;47.2029601168,-1.54568014916;31;CONTRAT ASSOCIATION PARTIE DES CLASSES;06;MINISTERE DE L'EDUCATION NATIONALE;1992-09-01
0441695D;Ecole élémentaire Ange Guépin école ouverte;ECOLE ELEMENTAIRE PUBLIQUE;ANGE GUEPIN EC OUVERTE;Public;4 rue Révolution des Oeillets;;;44000;NANTES;Nantes;358147.5;6689499.8;EPSG:2154;47.217721409361815;-1.5195316985045744;Parfaite;Numéro de rue;151;ECOLE DE NIVEAU ELEMENTAIRE;1;OUVERT;44;52;17;44109;Loire-Atlantique;Pays de la Loire;Nantes;47.2177214094,-1.5195316985;99;SANS OBJET;06;MINISTERE DE L'EDUCATION NATIONALE;1975-05-05
0440207L;Collège privé Saint Raphaël;COLLEGE PRIVE;ST RAPHAEL;Privé;136  RUE DU GENERAL BUAT;;;44000;NANTES;Nantes;356481.9;6690719.0;EPSG:2154;47.22781945429561;-1.5424299143502962;Parfaite;Numéro de rue;340;COLLEGE;1;OUVERT;44;52;17;44109;Loire-Atlantique;Pays de la Loire;Nantes;47.2278194543,-1.54242991435;30;CONTRAT D'ASSOCIATION TOUTES CLASSES;06;MINISTERE DE L'EDUCATION NATIONALE;1967-03-07
0441609K;Section d'enseignement général et professionnel adapté du Collège La Durantière;SEGPA;CLG LA DURANTIERE;Public;17 rue Baptiste Marcet;;;44100;NANTES;Nantes;351748.4;6689534.8;EPSG:2154;47.21470968152792;-1.6039694215006646;Parfaite;Numéro de rue;390;SECTION ENSEIGNT GEN. ET PROF. ADAPTE;1;OUVERT;44;52;17;44109;Loire-Atlantique;Pays de la Loire;Nantes;47.2147096815,-1.6039694215;99;SANS OBJET;06;MINISTERE DE L'EDUCATION NATIONALE;1973-03-26
0441432T;Ecole primaire privée Sainte Thérèse;ECOLE PRIMAIRE PRIVEE;STE THERESE;Privé;11 rue de la Papotière;;;44300;NANTES;Nantes;359538.3;6691553.0;EPSG:2154;47.23689044866711;-1.5027304583489356;Parfaite;Numéro de rue;151;ECOLE DE NIVEAU ELEMENTAIRE;1;OUVERT;44;52;17;44109;Loire-Atlantique;Pays de la Loire;Nantes;47.2368904487,-1.50273045835;30;CONTRAT D'ASSOCIATION TOUTES CLASSES;06;MINISTERE DE L'EDUCATION NATIONALE;1971-03-19
0441851Y;Ecole primaire privée Sainte Catherine de Sienne;ECOLE PRIMAIRE PRIVEE;STE CATHERINE DE SIENNE;Privé;28 rue du Fort;;;44300;NANTES;Nantes;357415.8;6694755.8;EPSG:2154;47.264584029969946;-1.5331689630167562;Correcte;Rue;151;ECOLE DE NIVEAU ELEMENTAIRE;1;OUVERT;44;52;17;44109;Loire-Atlantique;Pays de la Loire;Nantes;47.26458403,-1.53316896302;10;HORS CONTRAT;06;MINISTERE DE L'EDUCATION NATIONALE;1977-06-22
0441420E;Ecole primaire privée Saint Michel;ECOLE PRIMAIRE PRIVEE;ST MICHEL;Privé;15 rue Marie Anne du Boccage;;;44000;NANTES;Nantes;354292.7;6689483.9;EPSG:2154;47.215582123330236;-1.5703696117821315;Parfaite;Numéro de rue;151;ECOLE DE NIVEAU ELEMENTAIRE;1;OUVERT;44;52;17;44109;Loire-Atlantique;Pays de la Loire;Nantes;47.2155821233,-1.57036961178;30;CONTRAT D'ASSOCIATION TOUTES CLASSES;06;MINISTERE DE L'EDUCATION NATIONALE;1971-03-19
0441422G;Ecole primaire privée Sainte Marie;ECOLE PRIMAIRE PRIVEE;STE MARIE;Privé;9 avenue Bascher;;;44000;NANTES;Nantes;356196.6;6690121.2;EPSG:2154;47.222298840659604;-1.5457396163620587;Parfaite;Numéro de rue;151;ECOLE DE NIVEAU ELEMENTAIRE;1;OUVERT;44;52;17;44109;Loire-Atlantique;Pays de la Loire;Nantes;47.2222988407,-1.54573961636;30;CONTRAT D'ASSOCIATION TOUTES CLASSES;06;MINISTERE DE L'EDUCATION NATIONALE;1971-03-19
0441427M;Ecole primaire privée Saint Martin-Immaculée;ECOLE PRIMAIRE PRIVEE;ST MARTIN-IMMACULEE;Privé;4 rue Jean-Baptiste Legeay;;;44100;NANTES;Nantes;352368.6;6687869.7;EPSG:2154;47.20006968618611;-1.594509340304784;Parfaite;Numéro de rue;151;ECOLE DE NIVEAU ELEMENTAIRE;1;OUVERT;44;52;17;44109;Loire-Atlantique;Pays de la Loire;Nantes;47.2000696862,-1.5945093403;30;CONTRAT D'ASSOCIATION TOUTES CLASSES;06;MINISTERE DE L'EDUCATION NATIONALE;1971-03-19
0441468G;Ecole primaire privée Saint Félix;ECOLE PRIMAIRE PRIVEE;ST FELIX;Privé;2 rue Soubzmain;;;44000;NANTES;Nantes;355341.4;6691246.7;EPSG:2154;47.23197093746501;-1.55787995962843;Parfaite;Numéro de rue;151;ECOLE DE NIVEAU ELEMENTAIRE;1;OUVERT;44;52;17;44109;Loire-Atlantique;Pays de la Loire;Nantes;47.2319709375,-1.55787995963;30;CONTRAT D'ASSOCIATION TOUTES CLASSES;06;MINISTERE DE L'EDUCATION NATIONALE;1971-03-22
0441486B;Ecole primaire privée Saint Yves;ECOLE PRIMAIRE PRIVEE;ST YVES;Privé;7 rue Jean Marie Potiron;;;44300;NANTES;Nantes;358533.5;6695309.4;EPSG:2154;47.27013606768363;-1.518830323354855;Correcte;Rue;151;ECOLE DE NIVEAU ELEMENTAIRE;1;OUVERT;44;52;17;44109;Loire-Atlantique;Pays de la Loire;Nantes;47.2701360677,-1.51883032335;30;CONTRAT D'ASSOCIATION TOUTES CLASSES;06;MINISTERE DE L'EDUCATION NATIONALE;1971-03-22
0441497N;Ecole élémentaire privée Don Bosco;ECOLE ELEMENTAIRE PRIVEE;DON BOSCO;Privé;9 rue du Moulin des Carmes;;;44300;NANTES;Nantes;357148.4;6691844.7;EPSG:2154;47.23828167512901;-1.5344898581390571;Parfaite;Numéro de rue;151;ECOLE DE NIVEAU ELEMENTAIRE;1;OUVERT;44;52;17;44109;Loire-Atlantique;Pays de la Loire;Nantes;47.2382816751,-1.53448985814;30;CONTRAT D'ASSOCIATION TOUTES CLASSES;06;MINISTERE DE L'EDUCATION NATIONALE;1971-03-19
0442400V;Ecole primaire Les Réformes;ECOLE PRIMAIRE PUBLIQUE;REFORMES;Public;12 rue des Réformes;;;44100;NANTES;Nantes;352622.2;6687811.5;EPSG:2154;47.19967933229809;-1.5911204854870449;Parfaite;Numéro de rue;151;ECOLE DE NIVEAU ELEMENTAIRE;1;OUVERT;44;52;17;44109;Loire-Atlantique;Pays de la Loire;Nantes;47.1996793323,-1.59112048549;99;SANS OBJET;06;MINISTERE DE L'EDUCATION NATIONALE;1999-09-01
0440649S;Ecole élémentaire Jean Jaurès;ECOLE ELEMENTAIRE PUBLIQUE;JEAN JAURES;Public;11 rue Jean Jaurès;;;44000;NANTES;Nantes;355128.0;6689863.5;EPSG:2154;47.21942834132681;-1.5596406826129705;Parfaite;Numéro de rue;151;ECOLE DE NIVEAU ELEMENTAIRE;1;OUVERT;44;52;17;44109;Loire-Atlantique;Pays de la Loire;Nantes;47.2194283413,-1.55964068261;99;SANS OBJET;06;MINISTERE DE L'EDUCATION NATIONALE;1970-01-07
0440652V;Ecole élémentaire Urbain le Verrier;ECOLE ELEMENTAIRE PUBLIQUE;URBAIN LE VERRIER;Public;11 rue Urbain Le Verrier;;;44300;NANTES;Nantes;358195.9;6692181.0;EPSG:2154;47.24184471271331;-1.5209205022192074;Parfaite;Numéro de rue;151;ECOLE DE NIVEAU ELEMENTAIRE;1;OUVERT;44;52;17;44109;Loire-Atlantique;Pays de la Loire;Nantes;47.2418447127,-1.52092050222;99;SANS OBJET;06;MINISTERE DE L'EDUCATION NATIONALE;1970-01-07
0440656Z;Ecole élémentaire André Lermite;ECOLE ELEMENTAIRE PUBLIQUE;ANDRE LERMITE;Public;5 rue Evariste Luminais;;;44100;NANTES;Nantes;354275.3;6689132.1;EPSG:2154;47.21241121248546;-1.5703302387758586;Parfaite;Numéro de rue;151;ECOLE DE NIVEAU ELEMENTAIRE;1;OUVERT;44;52;17;44109;Loire-Atlantique;Pays de la Loire;Nantes;47.2124112125,-1.57033023878;99;SANS OBJET;06;MINISTERE DE L'EDUCATION NATIONALE;1970-01-07
0440702Z;Ecole maternelle Le Coudray;ECOLE MATERNELLE PUBLIQUE;COUDRAY;Public;2 rue Pierre Benoît;;;44000;NANTES;Nantes;356460.7;6691417.1;EPSG:2154;47.23408283123443;-1.543240174039675;Parfaite;Numéro de rue;101;ECOLE MATERNELLE;1;OUVERT;44;52;17;44109;Loire-Atlantique;Pays de la Loire;Nantes;47.2340828312,-1.54324017404;99;SANS OBJET;06;MINISTERE DE L'EDUCATION NATIONALE;1970-01-08
0440708F;Ecole maternelle Frédureau;ECOLE MATERNELLE PUBLIQUE;FREDUREAU;Public;2 rue Frédureau;;;44000;NANTES;Nantes;355029.4;6690045.5;EPSG:2154;47.221012861212124;-1.5610802390000826;Parfaite;Numéro de rue;101;ECOLE MATERNELLE;1;OUVERT;44;52;17;44109;Loire-Atlantique;Pays de la Loire;Nantes;47.2210128612,-1.561080239;99;SANS OBJET;06;MINISTERE DE L'EDUCATION NATIONALE;1970-01-08
0440998W;Ecole élémentaire Henri Bergson;ECOLE ELEMENTAIRE PUBLIQUE;HENRI BERGSON;Public;5 rue de Madrid;;;44000;NANTES;Nantes;357211.8;6689097.7;EPSG:2154;47.21362483840058;-1.531570457936547;Parfaite;Numéro de rue;151;ECOLE DE NIVEAU ELEMENTAIRE;1;OUVERT;44;52;17;44109;Loire-Atlantique;Pays de la Loire;Nantes;47.2136248384,-1.53157045794;99;SANS OBJET;06;MINISTERE DE L'EDUCATION NATIONALE;1970-01-02
0441440B;Ecole primaire privée Marcel Callo;ECOLE PRIMAIRE PRIVEE;MARCEL CALLO;Privé;Rue Marcel Planiol;;;44100;NANTES;Nantes;352243.3;6690000.8;EPSG:2154;47.21915727618246;-1.5977998269395692;Correcte;Rue;151;ECOLE DE NIVEAU ELEMENTAIRE;1;OUVERT;44;52;17;44109;Loire-Atlantique;Pays de la Loire;Nantes;47.2191572762,-1.59779982694;30;CONTRAT D'ASSOCIATION TOUTES CLASSES;06;MINISTERE DE L'EDUCATION NATIONALE;1971-03-19
0441470J;Ecole primaire privée Saint Pierre;ECOLE PRIMAIRE PRIVEE;ST PIERRE;Privé;7 rue du Refuge;;;44000;NANTES;Nantes;355645.7;6689875.5;EPSG:2154;47.21980497219635;-1.5528203474814417;Parfaite;Numéro de rue;151;ECOLE DE NIVEAU ELEMENTAIRE;1;OUVERT;44;52;17;44109;Loire-Atlantique;Pays de la Loire;Nantes;47.2198049722,-1.55282034748;30;CONTRAT D'ASSOCIATION TOUTES CLASSES;06;MINISTERE DE L'EDUCATION NATIONALE;1971-03-19
0441739B;Ecole maternelle Louise Michel;ECOLE MATERNELLE PUBLIQUE;LOUISE MICHEL;Public;21 rue Paul Ramadier;;;44200;NANTES;Nantes;357186.2;6688229.8;EPSG:2154;47.20581101848446;-1.5312504630460555;Parfaite;Numéro de rue;101;ECOLE MATERNELLE;1;OUVERT;44;52;17;44109;Loire-Atlantique;Pays de la Loire;Nantes;47.2058110185,-1.53125046305;99;SANS OBJET;06;MINISTERE DE L'EDUCATION NATIONALE;1976-04-23
0441959R;Ecole maternelle La Barberie;ECOLE MATERNELLE PUBLIQUE;BARBERIE;Public;25 avenue de Tahiti;;;44300;NANTES;Nantes;354411.2;6692653.6;EPSG:2154;47.24413175542496;-1.5712296922458675;Parfaite;Numéro de rue;101;ECOLE MATERNELLE;1;OUVERT;44;52;17;44109;Loire-Atlantique;Pays de la Loire;Nantes;47.2441317554,-1.57122969225;99;SANS OBJET;06;MINISTERE DE L'EDUCATION NATIONALE;1981-09-01
0442036Z;Ecole élémentaire Mulotière;ECOLE ELEMENTAIRE PUBLIQUE;MULOTIERE;Public;18 rue Pierre Yvernogeau;;;44300;NANTES;Nantes;354512.7;6692405.6;EPSG:2154;47.24195570862455;-1.5697004807095505;Parfaite;Numéro de rue;151;ECOLE DE NIVEAU ELEMENTAIRE;1;OUVERT;44;52;17;44109;Loire-Atlantique;Pays de la Loire;Nantes;47.2419557086,-1.56970048071;99;SANS OBJET;06;MINISTERE DE L'EDUCATION NATIONALE;1985-09-01
0442644K;Ecole primaire Julien Gracq;ECOLE PRIMAIRE PUBLIQUE;JULIEN GRACQ;Public;N° 3 mail Haroun Tazieff;;;44300;NANTES;Nantes;358706.4;6692004.9;EPSG:2154;47.2405247331311;-1.5140500051801922;Parfaite;Numéro de rue;151;ECOLE DE NIVEAU ELEMENTAIRE;1;OUVERT;44;52;17;44109;Loire-Atlantique;Pays de la Loire;Nantes;47.2405247331,-1.51405000518;99;SANS OBJET;06;MINISTERE DE L'EDUCATION NATIONALE;2009-09-01
0442893F;Ecole primaire international school of Nantes;ECOLE PRIMAIRE PRIVEE;INTERNATIONAL SCHOOL OF NANTES;Privé;1 rue Marie-Anne Boccage;;;44000;NANTES;Nantes;354482.4;6689582.2;EPSG:2154;47.21656437495269;-1.567942400473503;Parfaite;Numéro de rue;151;ECOLE DE NIVEAU ELEMENTAIRE;1;OUVERT;44;52;17;44109;Loire-Atlantique;Pays de la Loire;Nantes;47.216564375,-1.56794240047;10;HORS CONTRAT;06;MINISTERE DE L'EDUCATION NATIONALE;2019-08-27
0441442D;Ecole primaire privée Saint Joseph;ECOLE PRIMAIRE PRIVEE;ST JOSEPH;Privé;63 bis rue d'Allonville;;;44000;NANTES;Nantes;357094.4;6690074.4;EPSG:2154;47.22234264975927;-1.533859597202319;Parfaite;Numéro de rue;151;ECOLE DE NIVEAU ELEMENTAIRE;1;OUVERT;44;52;17;44109;Loire-Atlantique;Pays de la Loire;Nantes;47.2223426498,-1.5338595972;30;CONTRAT D'ASSOCIATION TOUTES CLASSES;06;MINISTERE DE L'EDUCATION NATIONALE;1971-03-19
0440619J;Ecole élémentaire Marie-Anne du Boccage;ECOLE ELEMENTAIRE PUBLIQUE;MARIE-ANNE DU BOCCAGE;Public;22 bis rue Marie-Anne du Boccage;;;44000;NANTES;Nantes;354262.2;6689481.1;EPSG:2154;47.21554107324778;-1.570769791867567;Parfaite;Numéro de rue;151;ECOLE DE NIVEAU ELEMENTAIRE;1;OUVERT;44;52;17;44109;Loire-Atlantique;Pays de la Loire;Nantes;47.2155410732,-1.57076979187;99;SANS OBJET;06;MINISTERE DE L'EDUCATION NATIONALE;1970-01-07
0440682C;Ecole primaire Léon Say;ECOLE PRIMAIRE PUBLIQUE;LEON SAY;Public;34 rue Léon Say;;;44000;NANTES;Nantes;354366.6;6691047.9;EPSG:2154;47.22967721927384;-1.5705902993023722;Parfaite;Numéro de rue;151;ECOLE DE NIVEAU ELEMENTAIRE;1;OUVERT;44;52;17;44109;Loire-Atlantique;Pays de la Loire;Nantes;47.2296772193,-1.5705902993;99;SANS OBJET;06;MINISTERE DE L'EDUCATION NATIONALE;1970-01-08
0440685F;Ecole primaire Villa Maria;ECOLE PRIMAIRE PUBLIQUE;VILLA MARIA;Public;12 rue Villa Maria;;;44000;NANTES;Nantes;355063.0;6691136.7;EPSG:2154;47.23083764925511;-1.561469492062739;Parfaite;Numéro de rue;151;ECOLE DE NIVEAU ELEMENTAIRE;1;OUVERT;44;52;17;44109;Loire-Atlantique;Pays de la Loire;Nantes;47.2308376493,-1.56146949206;99;SANS OBJET;06;MINISTERE DE L'EDUCATION NATIONALE;1970-01-22
0440716P;Ecole maternelle Molière;ECOLE MATERNELLE PUBLIQUE;MOLIERE;Public;2 rue du Cheval Blanc;;;44000;NANTES;Nantes;355388.9;6689614.7;EPSG:2154;47.2173277025322;-1.5560093255184138;Parfaite;Numéro de rue;101;ECOLE MATERNELLE;1;OUVERT;44;52;17;44109;Loire-Atlantique;Pays de la Loire;Nantes;47.2173277025,-1.55600932552;99;SANS OBJET;06;MINISTERE DE L'EDUCATION NATIONALE;1970-01-08
0440721V;Ecole maternelle Gustave Roch;ECOLE MATERNELLE PUBLIQUE;GUSTAVE ROCH;Public;24 boulevard Gustave Roch;;;44200;NANTES;Nantes;355719.1;6688203.3;EPSG:2154;47.20481370774089;-1.5505793438662472;Parfaite;Numéro de rue;101;ECOLE MATERNELLE;1;OUVERT;44;52;17;44109;Loire-Atlantique;Pays de la Loire;Nantes;47.2048137077,-1.55057934387;99;SANS OBJET;06;MINISTERE DE L'EDUCATION NATIONALE;1970-01-08
0440991N;Ecole maternelle Les Plantes;ECOLE MATERNELLE PUBLIQUE;PLANTES;Public;19 avenue des Plantes;;;44100;NANTES;Nantes;353436.4;6691616.5;EPSG:2154;47.23430239645916;-1.583299463288091;Parfaite;Numéro de rue;101;ECOLE MATERNELLE;1;OUVERT;44;52;17;44109;Loire-Atlantique;Pays de la Loire;Nantes;47.2343023965,-1.58329946329;99;SANS OBJET;06;MINISTERE DE L'EDUCATION NATIONALE;1970-06-02
0441045X;Ecole maternelle Les Chataigniers;ECOLE MATERNELLE PUBLIQUE;CHATAIGNIERS;Public;77 rue de la Contrie;;;44100;NANTES;Nantes;352066.9;6690135.5;EPSG:2154;47.220275440058636;-1.6002304300150547;Parfaite;Numéro de rue;101;ECOLE MATERNELLE;1;OUVERT;44;52;17;44109;Loire-Atlantique;Pays de la Loire;Nantes;47.2202754401,-1.60023043002;99;SANS OBJET;06;MINISTERE DE L'EDUCATION NATIONALE;1970-10-26
0441471K;Ecole primaire privée Notre-Dame de Lourdes;ECOLE PRIMAIRE PRIVEE;N-D.DE LOURDES;Privé;3 rue Jean-Baptiste Olivaux;;;44300;NANTES;Nantes;354146.4;6693457.2;EPSG:2154;47.25121611511503;-1.5753396876287453;Parfaite;Numéro de rue;151;ECOLE DE NIVEAU ELEMENTAIRE;1;OUVERT;44;52;17;44109;Loire-Atlantique;Pays de la Loire;Nantes;47.2512161151,-1.57533968763;30;CONTRAT D'ASSOCIATION TOUTES CLASSES;06;MINISTERE DE L'EDUCATION NATIONALE;1971-03-22
0441488D;Ecole primaire privée Saint Donatien;ECOLE PRIMAIRE PRIVEE;ST DONATIEN;Privé;61 bis rue du Coudray;;;44000;NANTES;Nantes;356435.6;6690993.9;EPSG:2154;47.23026622246208;-1.5432497212164098;Parfaite;Numéro de rue;151;ECOLE DE NIVEAU ELEMENTAIRE;1;OUVERT;44;52;17;44109;Loire-Atlantique;Pays de la Loire;Nantes;47.2302662225,-1.54324972122;30;CONTRAT D'ASSOCIATION TOUTES CLASSES;06;MINISTERE DE L'EDUCATION NATIONALE;1971-03-22
